V6,V19,V21,V24,V5,V13,V1,V17,V2,V25,V18,V15,V7,V28,V22,V23,V8,V14,V9,V27,Class
2.9480216391487297,-0.3870929199001225,-14.7838116863435,-2.5447931771334336,-0.9605579434199328,0.8785357601665218,2.625793556866758,-0.5443555180818687,3.225496641129232,4.587551093128585,-7.190627472347213,2.3740749353567665,1.2331719600248845,4.594016558765762,-1.766053840177395,-6.702911266629626,2.9814566048822284,7.4775258877966495,1.9145128297555276,-0.5134287586608614,1
-1.8967480507525374,-1.0294939941955703,-3.446391276259245,0.18479045648131165,-1.2945742728016323,2.134989555544893,2.3369876548915873,-5.944880680423353,1.645993596850598,-2.9315180155757603,9.728309269113476,-1.0180658304528116,-10.656594107786155,0.303610462180146,-0.6332483570232927,3.8626153081556565,5.453265184943127,-5.203292209963511,2.4171878646145477,-0.3522597412088652,1
5.185190981852198,2.8403002170535117,-12.802827665929245,-3.4546880461228833,-1.0836986647936586,-0.3119265536453184,4.198470387290553,2.6543393922573637,3.51567176110436,-0.5401047369233324,9.728309269113476,-3.8307979631835853,-5.68652232915411,1.1074070750522802,5.590481051029262,-3.4991159995280534,6.352903472706769,9.730487144180584,-0.6037998265412807,-2.077637632168004,1
-1.6933904261590391,2.9591811119509126,-13.333610449442736,-3.305545486405414,-2.5185777935720424,0.5682633996996327,3.443373126929672,0.5538047062035414,1.3206047015923237,3.9813623800115727,8.136193083922977,-5.5846883277053,-6.50705294895723,-0.9517524431044159,1.9573935321664848,0.8139633064695659,6.983242294041136,-8.357550170966775,-1.573383967178752,-1.5890830173005668,1
4.795125903913059,5.037492686617415,-14.7838116863435,-2.2361559768453265,1.0139512974717557,-2.3707385768901212,-3.5906458548859446,0.7946845694875133,3.643638933286702,-0.48764791141010644,8.276681281698218,-6.97024615831752,-9.868140774108758,-2.665385573139747,1.2328938378109364,7.589625625331633,0.5648063668061375,-7.202244940873904,-0.5438147616676229,0.43624759568056903,1
2.0594689911008874,3.295270602511418,-1.158302289787648,-1.9067474594014548,-2.7334155145158654,-7.514364478911579,-0.5338248119630685,-4.765045414672514,0.36727238001971096,4.705996410191612,-5.515748895590825,-0.05693879595874041,0.05638180847709129,0.6571777689031825,6.146669783098772,3.459976485645175,2.640155859851127,-5.002463693421983,-2.382813313810537,-0.31035911247488907,1
7.039152865483378,5.037492686617415,5.4985099674080455,3.3864864141661917,0.053722962709647826,1.1716461742203148,2.0207879310482566,-3.0568386381414427,2.771859199085711,-0.37131458032135867,6.9768363095613495,-3.6401933827956996,-2.9365352096196737,-2.628872994529697,8.06834138068604,6.535335365305991,-0.5823422586375697,-8.980957677989846,-2.4783663630640578,2.6578528526807474,1
2.536462018542368,3.149784824805128,-8.96694686734616,-3.226164870076354,3.6871381309834215,1.8670570123697905,-0.02689433351105086,7.4576787623538685,1.5534395125814655,4.752150945312442,-6.467762885307039,0.6667093200091188,1.9307868028421586,-1.0573488492009668,5.32570769364608,-0.6384843143314254,1.8637254731995765,10.237355207033726,-3.605988406541539,1.044255318110248,1
2.382166194104596,4.258256155240966,-14.7838116863435,-3.4546880461228833,1.5644207033548418,5.372287535410032,2.162365438168587,5.821768597580508,0.4068685265655426,5.205764771061395,2.2315641282815517,4.883695754507506,-6.225446518653444,-3.149107823718841,5.280391101541237,-2.5868488554842517,4.480161683858551,-2.40312788192389,3.0218888411932907,1.8470336117056354,1
1.801990075731011,5.037492686617415,5.687996996315558,-3.3891670329959185,4.487986287657116,7.01308297552813,-5.055705884873752,5.178921779914436,5.6659222512144565,-3.5019722538577716,1.5530000012083405,1.007172618969697,4.8939195592206,-3.55246443584724,8.06834138068604,-4.613790223745875,6.983242294041136,-2.6595321970332595,0.3795399586192924,-0.45958356467872463,1
-0.7428205805831576,-2.003180557940299,-10.853445542895772,-2.5936058440170635,0.0219115413257025,5.559421131720832,3.295769953099618,-2.5828997448881017,3.5563667465947466,0.8012260609351465,2.636124734551561,0.6136643645678537,-6.207699908669345,1.5772418866559987,3.8585335711449673,0.0759972099020021,0.4288946514329375,2.4008112887762905,0.9588988807932953,-2.0902220074274505,1
3.262621152276629,0.4886865708193957,-6.199001828550619,-1.1270583716708826,-2.0371681608773917,-8.54353687074308,4.177550989278799,-0.6704653830465526,-0.9565371818988679,4.8743416890375535,-2.537081340343385,-4.09426739209588,3.2252918183715735,-4.089891609087155,-3.169855216382636,1.8124887501726104,3.190548813829196,2.0896649157263707,-1.9499029797004992,0.1701455098829398,1
7.039152865483378,-0.7505190011831678,-6.038760151939651,-3.4546880461228833,3.152695603873316,-0.6964521951503087,4.182928708821817,3.8945779066902793,5.6659222512144565,-1.5703915975109195,-1.9321537317813418,6.95019271522345,9.328146083972142,1.5119558106377136,-0.9171261025359297,2.4847947585703944,6.983242294041136,1.9569204981117598,0.020703968689812058,1.518779999922669,1
4.211335172451575,1.5501055756840028,-12.389382217321549,-3.0282275760422617,-1.6103825104485072,10.30848985854258,1.080602498144308,3.235033321768465,0.19537284199698401,5.074697606075071,-9.931664625867135,-1.7796072567508059,0.28262804692377763,-5.411588754045758,-8.904144969198892,-5.160246219644145,2.556497798454125,2.0893337452528256,-2.2728594809873686,-1.125604675100838,1
-2.4267620411721817,1.126570844853493,-3.5080601216473033,-1.019373150426642,-2.1521084243660478,0.3660821911051939,1.9747783847769045,0.8657874985376393,-3.005907407103179,0.6868365639876988,-5.873170710533265,-9.671033254746572,-2.303439804770205,1.0719526315509418,2.0976337016903024,-2.749436308664467,6.191619553211355,-1.8406162095348442,-3.411478249389421,-3.170273834356567,1
2.8634858590982493,3.0580494593260528,-13.074213060557543,-3.4546880461228833,-4.28492570719396,-2.6689366709165157,4.993844545631347,0.6899828302568871,5.6659222512144565,3.1633162615186996,5.3974854665885585,-0.7737511192963089,-0.9584643965024335,5.526423425339763,-0.2600804714020506,-5.037219122929028,4.518065017315013,2.9553157141584108,-4.225927206137518,1.4578031367753312,1
4.951543866780481,-1.585262042096724,-12.108915224472163,2.2029176372746164,1.505260111709058,2.8477335113617555,4.806034180543895,-1.6393829861406348,3.2620756863036906,5.107664469544322,2.213341745478253,-3.2918315682158736,3.1054537603187535,-5.411588754045758,8.06834138068604,3.0638162350178666,1.9956022762773582,4.568519729206555,-5.93088998209174,-2.4819211215024266,1
1.1708724513543638,0.9012133483082941,-9.694096474431262,-2.170248919918926,1.0937660528098865,-6.625384754955883,1.6108567807676029,2.436153074082913,3.0218133126038653,-0.9640348392341921,4.061135182928683,-2.687311742941595,-4.744077964440692,-0.06316961962935153,-3.332794660827185,2.561756628376881,3.903261913461959,1.8015917710126919,-1.3223660588347288,-0.43268384160923357,1
5.891927321709982,-3.0522570548364243,-14.7838116863435,-1.4937924199711097,-0.3325598727877438,-9.792133353214775,-0.2683175096335866,-1.0458707069671052,3.303716979554134,5.205764771061395,4.2418308841865535,-6.4422857187085025,-1.3012612262485275,-2.0821246316780284,2.713321568596024,8.859739820171042,6.983242294041136,1.9050318993506472,-0.5586217129227367,-1.1100989929705767,1
5.107379773747331,4.83410163948602,-11.214617859901391,1.6605680426161153,4.189697155346786,-2.857845000172597,0.13501193047257853,-2.3308216951413803,3.9645091456754913,-0.8340622245701232,7.734061643590926,-2.6096953872606345,-11.667925007761255,-4.407121899874722,3.8520175203928773,2.8358900245832173,2.307521080857048,-0.3772187276732849,-2.0216681393833857,-1.2889453462625562,1
6.0397958992464655,4.540116671281739,-14.7838116863435,-2.729563999838992,-0.21150707893378964,-4.952390054431472,-1.3097794384255377,6.744637610546047,2.819580230767434,2.1805787224912607,-9.931664625867135,3.4623126120727035,-6.14836600737326,2.0107493993856735,0.45938726281135767,4.836364453900713,3.7828181311787827,2.6234502039551915,-1.5367817647125708,-0.4274101160113417,1
2.003845326675437,1.465990823039693,-14.7838116863435,-0.32141833269983316,1.9394811825308163,3.442326110747419,0.7234607810982379,-0.6477457009779337,3.975447715533123,-4.4969107755655084,-2.7371324250001328,2.359812601797656,-2.3752650951629937,-2.0695147601096973,5.4690974823476335,-0.7918729881244211,3.9822393755291006,-7.494864137675832,4.2351098893131915,1.3275577173297948,1
6.125104158484984,5.037492686617415,-14.7838116863435,-0.7174779839582546,4.975837567431857,3.433062659144013,0.6886826583026096,-8.002107739654514,1.8670524652118359,4.208087254358864,6.484440133772067,-1.0897414370660936,-4.3478983457208615,-1.8332279615204707,-2.886489865022344,-2.7675775717831255,-6.895707163471885,7.044195811744482,-7.238213285730945,-0.29616549032084655,1
5.150721408595016,2.130044152644603,-9.295447806386798,-1.936064045450424,4.150147646507163,-4.177430392554507,-3.057161886875763,0.7171298988362733,5.6659222512144565,0.5737507598358658,7.0794007632425675,-4.061599308142422,-0.883719079485725,0.3401893315636235,-2.2018621457029885,1.0651643274132687,6.41423269803113,-0.6348790601818045,0.06467457273849497,-0.5417472177772265,1
-0.9130166679923142,-1.6999319045103527,-1.1976529368415632,-3.4546880461228833,4.958905160133425,6.721844665507198,-1.1341155328424914,7.643346912232518,4.26873000756793,3.6580067657269644,4.525058284207585,-0.912449050944345,0.600114967969398,-1.0279044829180588,5.080977408242657,-2.621361865751511,0.9385120356434848,-3.2998507289694894,-3.09041060503139,-0.8312532975453001,1
5.493452664862996,-0.9302561268036956,-3.646150081901097,-1.830402120470947,-1.399635558317144,-7.981703733995723,3.3992572399071177,-6.902401100969673,4.094765249968044,0.2709512891444841,-0.6699448958461363,3.6887218621854596,-9.401633603393634,2.8536381020724058,0.7710010811665686,2.585761379350945,-0.7464477587074256,5.402761241306173,-6.961710471074879,0.10917611131309843,1
-2.990530004306997,5.037492686617415,0.4127783056431129,-1.9380894368458568,3.1155319322867636,5.511225674457168,-3.803314623056914,1.119680008094116,0.0965140272865892,4.161110906994721,-2.9132367227201175,-1.2014841154811151,-2.798667577238662,-1.8496206887666542,3.777751309899183,-6.21392948949059,6.019659534760019,0.48420911001704053,-4.02673330255501,-0.1120620534969295,1
2.2463365391097723,5.037492686617415,-12.684115459817923,-2.5769793506727545,-2.6583814916301574,-3.1595103493765304,1.72922563566052,-5.647032272232039,0.5856038642660145,-0.016637409493180044,-4.079390601333979,-0.38856707033087723,-9.569599566825058,5.203290169002132,6.107631040851683,-1.7482660227692342,1.8142619574072665,0.3892348534448579,-4.381052726798122,-2.045909571134989,1
1.1606985126788885,1.9555422387759231,-14.7838116863435,-0.5757177673189775,-4.049507813126815,-9.95738465869794,1.2951818153320225,-8.002107739654514,1.0223575384069448,-0.5367275358832329,0.8106831468569027,4.1196300393034475,8.139951826004832,3.6887289708600806,-0.9563941183667893,3.249682989727236,0.3624813501290624,-1.0026150698875267,-3.206525797888873,-2.3160069541713373,1
7.039152865483378,0.4015082174108726,-8.839808617940097,-2.4174608587766353,2.1769156351417878,1.036609784204019,3.5084467161889723,2.7603341969347683,5.274878236857111,1.8763746455451895,0.43118353792555747,-9.289708819128165,2.7831358283899212,-3.15169472098359,0.13938505041330063,-4.643446583071928,5.121499832488894,7.3952917930486715,-0.38981660975621374,-1.4043060483278114,1
2.328461726953929,4.017558552004609,-12.035834941145495,-3.4546880461228833,-2.4629596965405005,-2.074641877476182,-1.1286542459763222,-3.9110639532822566,4.273963609619722,2.501332606725596,1.271051953654064,-2.877448544239537,-1.566899370153126,4.865722147118933,6.562425355925249,4.905960434843036,-0.40744070460373916,-3.614670313454991,-7.238213285730945,-0.1219747469827398,1
4.879648176433374,-3.097796299619042,-14.7838116863435,-0.6483334325451678,-5.075950903584437,-3.2913882066532034,5.938438956299373,-2.9209978016788307,0.8892313679490376,-0.14962612062185965,3.6076574789171434,0.736914545466707,-3.1455412989681433,-2.154259188518435,-0.18444068970288263,5.7858105572587375,6.983242294041136,5.365043873724732,3.4952089471302816,-0.45675018577265325,1
3.0151862026766993,0.08745168261384073,-4.172162300645619,-1.0748593647966727,0.8916192516201618,3.563971493131362,0.5167713824770737,0.6352765540338821,1.7818024390418787,-1.9064579876060572,-6.149722923650548,6.072041145185158,-0.5697158901120594,-2.1663921763692757,-0.08050791869632001,-3.803418673236368,6.983242294041136,-5.290844919370085,0.7029759453566129,0.6998943469627855,1
-1.9641727377987568,4.529605345530728,-10.74145493994455,-3.4546880461228833,-2.6023649903179145,6.2010832726712835,-2.130459401263135,-0.10931935228818634,5.6659222512144565,-3.1846535183181564,3.916142176026734,-2.2869196090280797,-1.8026299354149125,-4.458680196556431,8.06834138068604,-0.8381659426394954,3.5522750534181275,11.014236456877265,-1.6172915135735293,1.235524901050096,1
0.21915617062593984,1.6849549240262829,3.578308487238361,-1.7019041994671376,2.974662884405688,-6.407682860322973,3.507449341613896,-2.129852463256631,5.6659222512144565,-2.3910886565037734,5.554352496044644,0.3804946940603773,-6.540266701112458,3.1225823789868183,-8.029329412638724,1.2367566829386152,-2.0752030912951054,-1.5127715133634856,3.537733268948709,0.02623993673750666,1
5.916265947774891,3.1901920899348726,-2.324468442385844,-3.1611030387879913,3.53290226531238,10.430680265660003,5.466086536982158,2.2394800447607004,5.6659222512144565,3.7163878584543277,-0.6746408861371195,5.29320683207147,-7.175464745673992,-2.75461844744576,5.200647210244225,0.9858024051888197,5.612466381327597,-1.7629465371456579,-0.44564258824010566,-0.18163831027609512,1
6.3260267341545795,3.0817682302641893,-14.7838116863435,-3.4546880461228833,2.6371749681421286,1.4278298660318696,-0.4254037606868167,4.781175125085149,3.2089701858611903,1.111076291372965,2.3383178400970372,3.1549609158343492,-4.402180240606312,1.9282239923810587,4.09442182699143,-8.284136575196559,2.052406321509673,-10.548025273283743,-7.0584815779350105,2.4123710267151806,1
7.039152865483378,2.4911463157816534,-11.654320630344264,-3.4546880461228833,2.665794309665368,6.416635917197988,-1.7439761997184675,5.960686569295138,5.117722541423872,-0.442000821882198,4.467951992261456,4.060964050990867,3.026257613051828,0.5341675525535864,4.94649839747301,5.615626828583261,-1.6033830245776433,12.369265179479717,-2.345314768707127,-0.8392794748188186,1
5.870803148698858,2.9105146046257246,0.5604062676699932,-3.375262126316671,4.575141762435455,0.48952341379078357,0.2090268370518651,1.0963208787094245,0.6762337506016656,2.2429500586764424,9.728309269113476,1.443760267213976,5.379945575391545,-1.5146538199701145,4.518562370800963,-0.12157570382590976,1.0559086454193012,-6.48104092799596,-1.639174606229193,0.3190911583950349,1
6.237626038951802,5.037492686617415,-13.442956751861065,-2.8805568891659563,-4.86068566897879,-4.980932139225674,0.19825936751829043,-1.2072435751898853,5.471331869785262,2.978939457291611,-4.211468160965501,0.4306145827393726,-7.126174207917352,0.08839723114131665,2.041086173344568,-7.291723476322701,0.48846751973309244,-2.044788620918922,-4.971288945338864,-2.1728014205453685,1
1.188451069651926,3.803234757082688,0.5096471015467907,-1.1991647192907138,2.5243255470910944,9.134605542701475,3.4539939794051278,-2.7022219369260005,4.511745810048448,1.6687528977942527,-1.1655079791531058,-2.27478543143316,-0.7635937249972524,4.373007860504401,1.548581376708776,-0.91854001215695,1.9337674658908655,6.8442867186497285,-4.897522548506851,-0.5139990100647809,1
2.50979361852331,-0.9872562829273418,-4.269960618010535,-3.4546880461228833,1.2442137627153178,-5.20928210148396,-0.33740507163040734,-3.299842890414271,3.248390708813877,-2.596253389589397,-5.082546681159026,-2.8587853987993106,-0.6882279343213644,0.5620639606308816,-1.9687310142269658,-2.231969586090441,1.8989248555849023,-2.1470071923211855,-2.8885682937707524,-0.302613180212841,1
5.336066616263377,3.175957811773983,-1.776879079208487,-3.0811409815220667,1.8136731618970106,1.3220424141164544,5.938438956299373,2.4536818713131936,2.745739570926845,1.581262826107984,-3.31119315560554,-3.193338906625466,-0.1645791798111671,1.6703862006089087,0.8218020742141166,2.2488062400453197,6.983242294041136,8.74890354084662,1.2033725268781774,-1.7713684669286682,1
6.613199340208681,3.944389347298189,1.9914170460529126,-0.9523347353417717,0.5317342034322334,3.9397394079562575,-4.095141129914741,-1.628902377665312,4.803066544998072,4.136349744130245,-4.702844392492023,-3.6806517690774063,-4.1759206120584444,3.2691569259201736,0.8162559239639184,-3.4650681286317826,1.9334011302917842,-3.4859075255795693,-4.418399621062152,-1.010690146816994,1
2.4329084293781853,0.28222989845501073,5.207052283007257,-1.599674601179369,3.040669989044108,2.0884829643185654,2.320215335318487,-3.663767706061677,3.0797801044663373,-0.6143705957344189,9.542098944210727,-7.583345608090278,-9.764672379181881,-1.160774203709449,1.722640747846115,-3.111342603514052,6.983242294041136,6.160072779341486,1.9464554516695283,-1.8512801457864891,1
4.925636808571749,-0.9652347692156843,-14.7838116863435,-3.4546880461228833,4.0233309757409135,-3.013711166614075,5.938438956299373,3.058984972497739,4.833348948284113,-0.4207385378811932,0.9864249862845136,0.538985980323869,-7.371084672105603,1.0743186140908658,1.9413741497982282,-1.815815190480549,5.359140331051182,-3.510610710093906,0.7247116814460763,-0.29298827092615476,1
3.148443996733536,-4.769087513545514,-4.6623362393700845,-0.6668545283388747,-4.632106396055094,-1.9628892693594546,3.599463929452815,1.0907095002287592,0.017376480177229814,1.972752908308312,-0.3895932573107309,0.9110787036990118,-3.312489868157236,-0.1252993619774873,6.23555199585429,0.11286962273205181,5.335254597386996,7.800433093441884,-4.353409747511057,1.374916727046471,1
2.152692687832605,-1.510978576000541,-3.660586260930911,-0.8752663154515431,0.6697873500211791,-1.4982467227750222,-0.1731081655889477,3.4285848800579304,4.9225406851799525,2.098767459037172,-0.4705025899181795,0.7704916186006998,-3.9446443219769334,-1.33341744327161,-2.510611084335275,1.9975034009224641,6.983242294041136,8.54642736109799,-1.5940994718287178,0.1608092138607723,1
3.618643081239023,2.719237189694873,-10.409803155378556,-3.4546880461228833,-0.07733457105916375,-7.188085930448172,4.275301677151868,4.298721027504051,5.2131217198668605,0.3108718807937465,1.4489494246887524,1.626125231894147,4.895236121227986,0.15873874833653567,4.068325527997918,-2.3379250793776776,2.409827129664153,-3.3020362413916575,-1.3424479352886403,1.13655189344201,1
2.743803709803454,-3.0215429398433233,-14.167295980101152,-3.4546880461228833,-4.3802977030796075,0.6041193510881955,1.2047936304929756,5.463130040138757,3.2326318358627137,2.996494040409543,-9.931664625867135,5.555392471156004,-1.0421218104219683,1.7450211004872622,1.5361269121165901,-5.259154823872578,6.983242294041136,2.391104538942276,-4.763428023548693,-0.5935208541099344,1
-3.1842296180804808,1.1368484617589114,-5.920430726649119,-3.4546880461228833,-4.952206898653875,0.840681459116116,5.059718936219346,-3.467836782671749,4.2296713584046834,-4.737289589754999,4.127344309401105,-0.529224715141756,-4.859426597245769,2.388769610259499,8.06834138068604,-4.306863347370397,2.8799661929577476,4.832524448817437,-4.851430919838242,-0.7179499009666404,1
5.998694664170296,-1.43176089229474,3.443803977948409,-3.025301142684797,-1.588978932368818,1.813558479495851,3.935206452651922,-2.9062417961115403,1.4537278536679743,1.9579619257736351,3.4391972931458357,-5.237742834970252,-11.271035854278132,-4.755369994855642,1.2998880603861143,6.3434200729282955,2.492880587410736,-1.719652359910469,-2.4894028245349142,-1.1373806697647637,1
-0.8073258707047848,-0.055973051877988136,-14.7838116863435,-1.4143267005719973,-0.2698562813682477,4.482524420103237,4.131194271172885,-4.419476908600201,-1.5923536046826374,1.589483818024843,1.766221024913785,-1.4327092791464242,-1.9421370675376977,1.025373787309429,2.2130248160229624,-3.6342017425443838,0.6136415168190603,8.557604798039199,2.9236840021266395,0.4690171218936723,1
2.435752524698374,3.8831568451491885,-14.7838116863435,-3.4546880461228833,-0.4062848781569599,3.662781484362581,1.9574140025846332,8.868260415560615,5.6659222512144565,-0.2503307070189653,3.235968264327967,-3.4491312609027847,-5.3383365622915395,2.078701965275672,-0.6747398895835329,-1.3397925453293893,-2.230321512635573,2.4839610319633385,-1.244560320301995,-0.3619596827180346,1
2.1263360060845806,2.13173532654228,-14.7838116863435,-2.340492890399105,0.7896805526255455,-7.479837314674633,-1.0138572977330471,-6.070000296166746,5.0362385075062654,-2.7942642334644954,2.4862521771591406,0.8655515450158111,3.453041292589182,-3.6736488972239574,-4.8429345412053575,-3.1055600879648773,4.680251424379124,3.2388444468884288,-2.5244878856736914,0.880836884889881,1
2.3540212468875614,2.870363883848225,-2.815803514115726,-3.4546880461228833,-1.0608714688302308,-1.5493429169694186,2.9262230534870106,0.1759556910165636,5.02956965627139,3.617069993727424,6.822914311099493,-3.7103052735813185,-13.315440116115695,-3.655919141651408,3.829504457489484,1.2068248195767652,2.3490289064669136,3.5720335490987587,-0.715766703552954,2.0639838980889214,1
1.3172433580114444,0.6059999063286864,-4.425375170809135,-3.4546880461228833,-1.153875384865234,11.260900496664862,4.430027838456,1.5428891088689196,2.5176062312787018,-0.3456139223815873,5.846427504343774,-9.097306093509781,-7.352348769940065,-3.2769251700216366,6.7975133333881175,-0.4274109096847809,1.0105515914793264,-7.010675714824273,6.360737740275921,-0.004492936696649297,1
0.6989338520008466,-2.068995538894139,-12.690871865164652,-1.5455729879341782,-2.0364658030790093,-9.657843666844432,-0.0986621405888842,-1.7000301182868325,3.2672920201253626,1.4804720320697062,6.223761757160639,1.0100210486321144,9.149121218822984,0.22901018474874024,5.837552375867167,-0.41099943533011696,-6.817998716316141,-6.319819388882892,-2.8586798456087434,-0.5091163720484729,1
2.0683651937906866,0.30852523020173034,-14.7838116863435,-2.022927851257193,-3.6413101276639783,-4.040423251492695,1.6397918657889885,-0.9076459097016206,4.9334246039356655,0.7934464060012032,-1.8465812302471951,1.7305034646099933,-8.532307328027487,-0.709441757583867,1.172028272855672,4.686929725998641,4.60649680112019,10.98269154578233,0.9101723138600663,-0.20884336074924556,1
0.955245539538512,-3.062448793483869,-14.7838116863435,-0.6025047974516556,-3.5969209890045697,4.832224140402681,2.0513329507184346,2.537247701715467,2.0647250738898126,1.175210957582097,0.015417435241936284,-5.9352917805702425,5.095569363275629,1.64097461847805,2.241059785082215,5.088413610470235,5.202614042437784,2.90997687525144,-6.467829139781222,-0.07095841670516038,1
-1.52823665099988,-6.231518996095233,-6.5373015464989415,-2.087513383497898,-3.734746415488744,10.177950309090976,-0.13805734867727348,-3.780247316036116,5.364992590619368,3.086759311291415,5.189157371658932,-3.1806103745344947,-1.7385071038137665,5.351592753885884,7.826337269186061,-3.405459663001206,6.983242294041136,8.501732176628774,-1.3300032121883558,0.09013798196834047,1
0.19992909216644106,-4.111658924126341,-9.10783114038728,-2.5998978290126935,-0.03974292835494539,-5.36603902454644,-4.788765476634535,-8.002107739654514,-1.6019474728263208,2.255040127464785,2.6004704014938707,-7.353945350570637,5.604168727080246,-1.9655338876306183,2.078786536899577,-7.914283455788157,6.983242294041136,-3.89152849226964,-3.5974731166817495,0.24984594581998998,1
1.9052733658980647,5.037492686617415,-3.421247696034479,-3.4546880461228833,5.162792773410612,2.968759935592952,2.736340096967271,-6.1678600850003535,3.0956329089989234,5.156751215096141,-2.929969708402918,-5.707858785488506,-7.176717901614017,-3.1484253944095104,5.881297011779773,-0.2703601599662251,3.3256697140414757,7.486550382269439,0.6432010630948485,0.9361874384408028,1
1.125866848257486,0.9622653070952158,-11.424300442396254,-3.4546880461228833,-1.2752767993356346,11.260900496664862,2.6092139625612036,-5.641790880849359,4.470718013369195,1.956098639525286,7.060777073042583,-7.936621255146855,-13.315440116115695,-0.12687375188940542,4.116003649363396,-4.2620091246582295,2.078312256015035,-3.438692559592952,-0.3047980168205555,-3.1212329912484877,1
7.039152865483378,-0.4687677732549733,-14.7838116863435,-1.9442390150722484,0.05039345868493972,9.931033509346184,-0.00895950232981324,4.101487674504139,4.848524117105063,-1.2344531923591795,3.9470693148283567,-4.24893124523552,-4.84349705341514,2.983894573260412,-0.15734310208176694,-2.343573239723014,4.009953992599575,-0.5564182203988126,-2.8911253017874277,-0.4361914481109185,1
1.6968361723064802,0.796456936562421,-6.424123836272955,-2.573120906087869,2.1173827530017095,-11.81424821279156,-1.8320971768820313,5.231945782827388,0.4940141679529174,4.301868727008916,-0.46987994175041503,1.9897694478210526,-11.42320497010401,-1.2014634363912884,-0.4499468575827478,-1.1389827589000812,0.20243910174543894,4.559803457170518,-2.884737667017162,-0.7663921042600707,1
7.039152865483378,2.3751417234672476,-3.284358109048166,-3.4546880461228833,2.5410304939777686,-0.6803508188724461,-4.740522117071041,4.748450128726562,0.2749854551954175,4.127148807496649,2.8707429929197694,3.8270805990829238,1.1346652012755816,0.7879068395557355,6.9329651998543795,1.1763451208021398,3.200204984774317,-3.8658337083527394,-3.028999369145656,0.07309387515185792,1
4.796656774165777,-2.007925527328937,-10.558637802210427,0.27043605125108305,5.25435564909403,-9.383266622524989,2.1710498947889105,-3.3851295766967766,4.161126542148628,4.881040665017314,4.197185594589927,-3.5084810530134547,-5.380789878088793,-3.011619802630032,3.5069224788233293,4.325032259417069,6.983242294041136,-0.8528383787877131,-1.2122419897531926,-0.04603424480192217,1
1.553494744148899,3.322628632088641,-10.863333503686214,-2.3797946233498806,1.3744534629714864,-0.39691316046944825,-0.6417405442036563,4.205027464749362,-1.527734578633937,2.5342722143760255,-1.4683746837620828,4.210639535923194,0.8848495951854007,-3.6086828225418826,0.7385087644588032,-1.9412552356501338,3.292591881281002,4.75891018731067,0.8454978850798004,-0.336123401274108,1
5.952976313231911,4.741149108724147,-5.345494730378835,0.04596092903326676,2.268315902574281,10.047278061276405,0.5601979144299668,-2.0805804718980454,1.6091600392044076,1.6190411598556351,0.673749899268123,-2.967760074424672,-5.675336265878876,0.8549192039893586,2.3676697515545158,-3.627951328790467,3.76108614806601,-0.09250714233409427,1.2920760052000213,0.595170095848486,1
-3.5419799422061247,1.165401367416267,-0.9088197439302546,-1.7585206496043402,1.029305669787817,4.135990855465648,-0.6775860986450906,-0.1374779842817837,-0.672670819298792,4.770871543900522,-1.152841123318003,0.47468776541130087,0.30155682562031116,-3.180028524770751,5.662731099741134,-0.3630633194309354,4.6082408336593925,-2.35522040729819,-3.4935960906990715,-0.6264413964265523,1
-0.042032042541442216,3.501116633643138,-1.4588898000673698,-1.6396941280901827,2.2275128643996007,2.7669512148659576,5.020708246206452,-2.7460887093718966,1.6334644522142094,3.7044010466889,6.071405697128803,-1.8133141188386737,-9.243746245759796,-5.411588754045758,-2.3751473740161133,-0.18607180482075925,-5.904863027845049,4.871246956706371,-7.238213285730945,1.0972244523472008,1
2.631281694701763,0.4698885411462846,-5.004737361035663,1.5076997975082231,-1.4251153240524206,4.74774296221286,2.243918183929207,-7.663303790327794,2.5860107829629397,1.4677983291577945,9.337485029228588,-4.106028257777508,-8.595162038281405,-0.5632407835862181,5.384753111674428,3.059499211959017,1.298105533681583,-2.097316471388003,2.4373277567397547,2.279978874683994,1
1.7187169423825075,1.9368612646833192,0.18361631706683168,-3.4546880461228833,4.107510396628886,-6.415373043582743,2.9495399876356903,4.794132064928575,5.532824606525338,1.3934791973552696,5.287469182003845,-0.6953476229315967,1.340023329076747,-2.3389866486175133,5.401081075392326,-0.9492401760746039,-2.364990294206926,2.7464784337986283,-7.027523032421952,-1.6762923081116838,1
5.62308910458229,-5.957419930057047,-2.719705041363749,-1.4794545825426708,-3.1562169229633454,-3.8057160432885357,4.764024050813267,4.824072757962408,3.920690916865289,-4.266526030345471,3.6119525922813063,-3.418810597317342,-13.315440116115695,2.4676700382459695,4.455338438731192,-1.3876050654763752,5.92519014398335,4.819050782314613,1.6416653096688398,-1.1040351759176539,1
3.9284801303878565,1.653539385477608,5.058808809269394,-1.124387264549409,0.24731765875252304,8.393142326531065,2.5542354233719125,4.336231600970876,3.232326700543668,-0.5841550433878582,4.300769328939721,-2.520270651980756,5.543932175433898,-0.20694630246227347,7.365353419696756,1.3694898477136117,3.7634549185017634,8.68159498990871,-2.095468679076462,-0.6468887809322349,1
2.4122934186786122,-1.8014772624499846,-10.95737391516914,-3.4546880461228833,2.379114093804312,-2.738027141998061,2.0560331451686116,-4.735843449802773,3.4182089507052025,4.602729452697203,5.591769917775305,-6.118213506168386,-5.633070805324675,-4.776282427488893,7.152334808974707,2.9143096541423428,3.4062599512065836,12.699147091458933,-3.4836927434459852,0.9859688915322377,1
2.7618099272848617,5.037492686617415,-9.344440088620992,-3.358506099820328,-0.6380495503899466,-1.561189129288508,1.770985899371836,2.014911212457811,5.18104191534127,4.5765844249707825,-0.36565899108421507,-8.973990000431558,-8.691504603938274,-3.1498796572741807,6.143352786341506,-0.9780332059384569,-0.6111943329923637,-1.1556516001326147,1.1390586310822652,0.7209627112937057,1
2.8307014110550996,4.462534075408709,-14.7838116863435,-3.4546880461228833,3.716606739658025,5.324434602494146,-2.1995045612544435,-5.921186236453363,5.599448474501109,3.017532855028382,-0.20507551409374924,-2.1413901768992485,0.13547053956468247,-2.7020392348349698,5.748043789028795,4.7815353772203695,6.171834110631346,-7.620646896893123,2.12489438214324,0.7204880630918464,1
1.4454419981794522,-0.2632549875552579,-3.4029553348601222,-3.4546880461228833,2.256187177684243,-5.057002598832465,-1.8079825106204672,-2.8559400646135593,5.6659222512144565,0.9803183586245088,-0.2436956056357119,0.6902251507157797,-1.5803306262048473,-4.070510524294679,-1.2809390204052162,3.9416889986458474,6.983242294041136,5.20738616709695,-1.7582030859357356,0.26952712815420343,1
3.6289878978267818,2.1557735760519514,-7.251325384914782,-2.326145939314883,0.8809432799824577,1.0266259664466977,-3.913068434637302,4.966159950312155,0.9290682971926019,5.016642045351822,-1.950782273989456,-3.9026080231787734,7.061080655310741,-0.1668669668874696,3.4790805709236454,4.617037398099747,3.476332496266397,3.1475135742367057,0.5789991054784518,0.12064810182417338,1
2.821958609805048,-0.7911013567407117,-3.298188237472681,-1.5152655595526572,-3.3467704600452715,-1.694784681134844,1.6700639792455345,-3.6294213953695005,1.255396367427031,1.4873364419020465,6.523683766700592,-1.0422412785965038,-4.8736703988207335,1.801175544725272,0.15593295411592667,4.754614677445156,4.75231280075297,11.864752098257032,-4.778487319982677,-1.2770405903808397,1
3.5913274817208767,2.226711804314794,0.1600450800817832,-3.4546880461228833,2.586075600729816,-1.4441888207306515,-2.508640044478795,-0.16268971472072624,4.26761289804286,2.418677210701252,4.852258235130246,-1.7130536029304464,3.351222569375415,-5.411588754045758,6.582914618338492,6.787246416208559,2.105160633899856,-0.9813459214709727,1.1439530552863877,1.0198651075201446,1
-0.5402791954770836,-0.910875274105466,-2.065552288596562,-0.7454875303731333,-1.4754381191595458,8.209261405106071,-1.4639884688858378,3.1709749788289088,4.581426724037793,-3.84893249974008,4.551760138866905,2.269886841043879,-5.371692485815199,2.8279447139421405,1.1585447731512222,-2.476659655917547,4.83570021373865,-4.745674276769584,2.7672721187501375,-0.3838556797339045,1
5.04328487400059,4.482977141756004,-12.664048721474026,-1.8502126405460302,0.6345796824361558,-8.801245975068522,1.9259065759336818,-3.2678632691458716,3.233914049389325,2.7375149581124303,2.0213211458545564,0.8783828328918866,-4.200682453582348,-2.654863256110211,-2.41294908828534,0.8319036575200618,1.5303137694336797,-3.6601385869287215,-3.393450522789718,0.9169123958895101,1
1.0942801421634212,3.0306809407122812,6.735183721700796,-3.4546880461228833,-0.6938232900584873,11.260900496664862,2.2802590902691127,2.713595287291599,5.6659222512144565,2.770429966729858,9.728309269113476,-4.435750493908129,-4.9869763690131075,-2.257214972255767,8.06834138068604,-1.2561492615410348,4.484197712335666,5.121380942315359,-3.1919580321162817,-0.4925968907960972,1
-0.2728766021136285,0.5030446889586018,-14.7838116863435,-3.4546880461228833,-4.872581712309893,-7.158528019897244,5.938438956299373,1.3497921774969852,4.12252901165782,-0.7333333189385107,2.5191368953549427,0.9917817671405835,-2.673869471264207,-2.019495455726944,4.918930748454889,0.9814646908768123,3.5003168492076484,-8.331510301336031,3.413633618008676,1.0817288796340276,1
-2.00821085236606,2.249235917694393,0.924548803836629,0.6994971066808602,-1.8616279716703454,-1.8874797175048639,0.6233911970011647,-5.788320611132536,0.16456537065882837,2.327414169356907,4.360192861042321,-0.876264491312911,7.608932706903629,-1.1273964655803907,-0.353641568893168,3.042894895124922,1.820915397764145,0.17073708599660192,-2.5267573970682817,-0.08074158684402527,1
2.7933730185488024,-0.30517679854306534,-7.901704564488365,-3.4546880461228833,0.1029609129336248,0.9714665004785124,-2.702822483441313,8.567683936328901,4.230143293441044,4.026884905893675,8.81382626777703,-2.548675117763688,-9.909863932872616,-0.9482937462849704,6.268809134569038,4.304566127093597,3.720479704062599,-1.0731482178517804,1.6707666999808313,0.7494633867768425,1
7.039152865483378,1.4349864328715536,4.934356850043688,0.5502021329908307,-2.5628671960219513,1.632342399895949,4.5444391007398774,1.2942211244725967,3.0932789266402407,5.093009345603452,7.550230147042475,1.2671169147312655,1.4715706983220351,3.730174879938911,-2.984294815019722,0.22897302422365495,2.1720825797393326,1.2287074686161064,5.20525244855638,-0.48866916668235927,1
0.36397748644976025,3.682451316012537,-4.597745812643602,-3.180772668374987,2.3870862886585655,-1.9152390955020164,5.173468693468885,-3.731262425657826,1.9208475088543255,1.1838333043879272,-1.316921753365072,-6.287212355248265,-8.225777193506097,-2.560979664280267,5.707479551795129,6.613372574139186,3.7816557412269938,0.8062199812816466,-1.4995247028060283,-1.031582484560087,1
2.74949541886125,4.744814152911415,-14.187089892058726,-3.1565289942655355,1.9397043905228584,-2.855150611427338,1.7083225694001571,2.6627881544676564,3.3131403829053996,2.129614698267708,5.438013154265581,-3.3594594114793925,-12.193141138367832,-4.527445482759647,2.7474077318321966,-4.816684789844292,-0.46313343739714563,8.557605906358006,1.4354742335159336,-2.566712204335331,1
0.2834859560748957,2.7973132073288647,3.4708618966326585,-3.4546880461228833,-1.926284416396896,2.354942653953736,2.326883761003981,7.526786905813042,3.671745090305058,3.369175626945083,4.175951680726072,-3.738141657243304,-9.408954889448252,-4.8212261960782685,8.06834138068604,-5.660978408430871,2.3840693026477937,-6.040908795805224,0.7141657447458499,0.5611255025642299,1
-3.487992074342087,1.0563095964912084,7.455364953671326,-3.4546880461228833,-3.3091294180882365,-11.700805452968998,1.9588230949110828,-0.7495642604653053,2.7642965613201653,3.6549990678558504,-7.900336197428986,-0.03279262454102039,3.2873251174108664,0.768508845127937,1.9251541390024287,0.9547801817563959,2.7788806622247435,4.030673599980242,-5.696273300868155,-2.0284903874174978,1
-5.724391164074184,3.218828033798236,-14.7838116863435,1.4103113196289323,0.5933712074680433,-2.159551580395727,5.272097604337507,0.03307369729750942,2.327338325068581,-6.230268657750951,-1.8176929854681063,-1.6446358074868983,4.8797583457412115,5.526423425339763,-5.960827602092607,1.1103339537944046,4.369533092011314,3.8227892142043904,1.1036139435809096,-3.170273834356567,1
5.9945175796214905,3.4991250278285206,-1.7567128745605558,-0.5981419350427242,0.44653728269629306,6.636004491933366,3.376941943975428,-4.086666742956749,1.18224457328118,1.3597043920702134,-1.259441225036944,4.652396009521929,3.2070357938028042,-2.8202231003662415,-1.42781026276097,2.682674868436856,5.131224985068673,-5.854713126691225,-0.6804464678490649,-1.6578599209848477,1
-1.9323303956499487,5.037492686617415,-8.42375230428946,-3.4546880461228833,1.9600990994182297,-3.327223155111409,1.031169809542967,-3.2194018545430323,-1.2982502177936563,-2.502826675042288,1.8524910063249607,2.3181945902213577,-9.225601083352284,-0.4261683756421033,4.146557584001781,2.3853100408832058,1.6069522772729825,-8.620063769637296,-3.0199547458845304,1.3124739410544,1
4.995549762009263,1.1954130139794243,-10.674634603778362,-1.8636486015354028,-0.12563733292941104,2.7306890630138487,-0.03342893553215576,3.3158054192457262,3.704670481603331,4.061163307772826,-1.824781166758073,3.534037080030987,-3.1862389699474742,2.560194885172627,5.9667027135747155,-9.803458899432894,2.162332096420469,-2.7409330567577226,-4.714548099668541,-3.170273834356567,1
-1.9401753529068508,0.3654164806255894,-0.6743829362908809,-3.2263654211333344,1.700205829428007,2.656770919285849,-4.428302882690735,-0.17891715566643696,3.5691995084640165,5.205764771061395,-3.7365006228581623,-1.390739838864424,-1.1544580642876212,2.3151288371314407,4.72535734205644,-2.8935048376474617,6.983242294041136,-1.1321965566778922,-5.8511147446481875,1.8699581293933405,1
2.9077842020656552,1.281810989506555,-0.6070716838960228,-3.4546880461228833,0.34305136483796467,-4.567598778090926,5.607107720433776,-0.31553206406019474,5.621778762936447,-3.099055835842342,-3.0288497560334013,2.4228131488488027,-3.894704857647965,-2.914541493260809,4.082715955815338,3.074136894151304,0.13229940878920288,5.379710705146637,2.7997459282574746,-3.109328060764724,1
7.039152865483378,0.4115901482281859,-10.01080075421702,-3.4546880461228833,-1.5987322136936968,-5.182964032202474,1.1195053759424762,5.485863055956382,5.6659222512144565,-0.4775880441379472,-3.76304148059634,-3.1896733846546628,4.632230116771897,-1.1444593776572363,5.1456121140878075,-2.068360260887604,-0.6678245851068869,6.855276623621581,-1.1614229527514535,-0.053628162775754856,1
3.614682558184045,2.044665178589676,-0.02660070754507382,1.6325699729452612,-0.9014703563088511,-7.974346024471892,-2.787163058444122,-6.569943354785157,1.996530508576,3.416562162394106,3.5093936132521164,-1.4817510576510236,0.8474812933827619,-5.411588754045758,-0.4724409439301188,1.7226087838243052,4.392083935731685,1.7519175482576406,1.5375952941832798,-0.014679535620415352,1
-0.6662819522229917,0.694298254904623,-7.80381470840176,-3.4546880461228833,-1.8487586384037002,-2.8656026209878362,2.6709957001867597,6.504128853166921,5.6659222512144565,2.5083610927806164,0.3932305127381103,7.111780236014174,-4.806612887572265,-1.9343910985893074,7.164563614599304,0.24375168282079085,2.4003699824247473,7.0509270833543525,-5.435647418616873,0.23001488851053425,1
2.5846573593841295,-0.7357107760536483,-10.79830559295555,-1.7390525026903305,4.721345687698491,-6.422756022383835,2.541140909069768,3.1797366150803033,5.473789740126091,4.391944571237426,5.873512432812681,-4.084799200391489,-9.94526309851631,0.6966523193213082,4.038321131023328,-0.12682659211061598,0.291889235743462,1.2060611384017434,1.3666513432491636,-0.07869776558804996,1
1.543158283511084,-1.3223025513944762,0.9224296673750443,-3.107932992606246,1.9723475071152643,-7.459275515997293,-5.398666098362157,0.8481967503629402,3.475292595941531,4.2669176686539565,-2.2761347670944985,-7.741668251528431,4.1859333184606955,-4.165901620524269,3.1527636526065823,-0.7674366181450245,6.983242294041136,2.215993459100741,3.1603957381718066,-0.008206947565975592,1
6.523415787247773,2.6509607729777676,-4.675987538193951,3.8616006957745768,5.050264339407707,8.10479744931009,3.5112291971845244,4.941459377940056,2.6037312443616685,5.205764771061395,7.69939216538147,-3.0745412717237515,-4.670372940137866,-5.411588754045758,1.2265612841549203,3.9607650146079862,4.8610122173028785,-4.504791154922887,1.0773696359601779,1.9040700126160086,1
5.797601782262786,-0.7177039410808703,-12.108837251976572,2.7506971221425345,0.6625939144993325,-3.1431752519364777,1.831545969242634,4.512967051876476,5.6659222512144565,2.474300527517221,-3.094737359094721,2.5545232214645885,7.926650664789012,-3.328819598946092,3.943218803534839,-3.9030247106379057,-0.0278700862075536,-4.745613267247232,-4.2892701506353665,0.2262099622358252,1
2.5519613553221703,-2.8092256409680596,0.3755852831654609,-0.16976244249016958,2.7827827746014955,2.8963633731886294,3.8982280781434167,-3.891664216762914,4.4114380769745125,0.09155784205585626,7.452923994653424,1.2248009356141596,-5.310616689885949,-4.68840336709258,0.8417031293339993,3.045893064060021,0.7013485032569251,2.3776150301877914,2.0224705197536657,-0.4298861652192516,1
-2.3688322727419866,-0.20346653404984827,-14.7838116863435,-2.693775650789865,-1.9712095221051498,-3.7846651831672657,0.7231269802576434,-3.404934561653591,2.8402155760002126,-0.5084432433803248,-0.9099855126447023,-6.1797093140400845,-1.7342325109246939,2.9890023680357327,2.426033421369227,-4.008720126563847,3.286270833290295,-3.9668041307775486,-4.1556629885568155,-1.578317732388954,1
1.780157941202041,-0.6612945034582515,-9.000964067968741,-3.4546880461228833,1.6066684102525042,6.439323999517747,1.386015738986706,5.208561609127008,4.672410182129172,0.11174530468841959,5.716151025688569,1.5887806325996872,-2.940073740770247,-1.3591643597782823,2.8289599299438137,-3.421530235123476,5.294353932444987,-4.951008734166433,4.539978653224826,0.16748221388621598,1
7.039152865483378,3.607699885921181,-5.66938783619138,-1.7521902697475016,-0.0030339647734100583,-6.864772487341652,-0.847226427236919,2.855114674737115,5.20424775997193,-3.5317280873309036,1.874950341107314,0.17418520117909986,5.324534493142313,-3.033434534549701,2.3429977752170137,-0.9663388759174829,-1.6339297082862334,0.3571178482264135,0.21861489354931876,-2.315061756984212,1
3.27928642428698,2.2880464148281523,-6.250553643736839,-1.96270777531527,-2.11189197072628,10.9402172546725,5.938438956299373,6.010132382474081,4.892838949851797,2.1062100488044533,7.7663196205311085,-6.0175600676466985,-6.481103588523506,-2.2506001182298503,3.535296823700049,-3.7663603629473204,1.0608954368247336,6.2597515526521725,-6.648737412161974,0.13592078908567332,1
-0.06094532120508833,5.037492686617415,-1.2035660244275066,-3.4546880461228833,4.304113374563443,5.1794755756052595,2.2652896806357012,7.437965455890989,-2.439032878069072,1.9409435768560335,1.3667833622275656,1.999379352147497,-8.16823992872742,1.1010298031890207,-1.6991750189461174,-2.5667326939266886,2.17423964206696,11.06454222128851,1.0775077211569493,1.0563941066203264,1
-0.4462209549418312,3.6948768909336214,-12.63434121003618,-3.4546880461228833,5.25435564909403,-2.046888110785778,2.058994392602475,-0.980836163012258,5.6659222512144565,4.701948714739801,-2.901222013568703,-8.540812284056004,-2.296217026662079,-5.411588754045758,4.603022529520147,2.227668969712057,4.257629831334047,0.9921307049056756,4.325416001797973,2.9278980067674154,1
2.0604327625352763,1.288778848752132,-14.765022872563751,-3.4546880461228833,-4.264336839449783,-9.963599843125474,1.8796900030804011,3.3296195641757427,3.149574495396471,5.205764771061395,7.59509374009414,-1.2548811540845488,-2.673842297235338,-1.6142486743076643,-2.7361352575228777,-1.4852057912578218,3.3525969526980908,6.459456166250706,-3.571754304540061,-1.4371292394092776,1
6.894162210032762,4.6077338083474615,5.387682584203342,-2.717400421039952,-0.7522013906470557,-5.238068047347706,-1.8221853267819954,-0.22357046702722605,-1.3344396841061745,3.5440141041388507,-5.746759838393508,-0.6310390519787683,2.072371025182475,-2.3379481820901113,1.771425583247511,-1.6690941152196177,4.810648906229177,-4.822656159488268,3.0009534211996076,-0.1432648529513236,1
2.1452661303035065,-5.692077861296545,-13.37084419698771,-3.4546880461228833,2.2785523021225877,-3.86047570907186,-1.6217972043481432,6.801401063833175,5.6659222512144565,5.205764771061395,-0.14648353675433867,4.607555811687056,-6.06193763016208,-4.122450971510549,6.912778757387555,-3.9872480427917867,-2.5514147169274697,5.797968792617407,0.8178536406696942,-0.44668028676951244,1
2.3743070474005745,2.7915394297521896,-9.655354416286842,-3.4546880461228833,3.9833515167816613,0.42740744616276416,2.1680580199457062,-2.6357306784642285,1.4739566241357704,3.79468904582732,0.32084043320459854,-5.775251162471161,-1.8472211383964596,1.214021610714018,2.3926024824773817,-6.151694876045772,1.6221095567825017,2.398924815705862,-3.3965942410220036,-0.9536063916490087,1
7.039152865483378,1.1845970691253218,-5.451718162981697,-3.1650871978316233,1.895005468529225,-12.182328055959452,-0.4166739056540262,3.4203206797738153,1.9978758649990127,1.7433079764965487,-9.137917451423709,-6.051907938504573,-3.896465655953386,-3.6369165644985944,-1.1873305815399569,-2.795400390603339,3.423850579241782,-6.827388252157059,-0.42946286698141023,0.37730710149819013,1
7.039152865483378,0.8987968272526715,-8.421819554603637,-3.4546880461228833,-3.5337147697168754,-12.170638388433568,4.98704126732508,4.750374603698788,5.546598948407421,-1.5341218173007019,2.2641173289133123,-6.125129285153429,-9.578186077062357,-1.7815080523936784,2.197609790284145,6.36825185036302,-5.406582535812806,2.2343311333194267,-7.238213285730945,-3.170273834356567,1
6.5551605680350775,1.9693936286376945,-5.369720479591864,-3.4546880461228833,0.8897153489520837,-5.165097680403785,5.251051043517882,6.6890715071119455,2.5585529199461226,3.901878697446886,0.18318893467284292,2.0034170203703643,-9.993256525584993,5.12469346572709,6.355669336296692,-0.8644151422788933,-1.0520019290627698,-1.808581996934786,-5.074845003006574,2.5756940713721006,1
4.199310237985777,1.3034382902612704,-9.267742776792366,-3.2405447822757427,3.603956857231677,-3.486630729204105,2.9413978987590514,-6.9012333480430295,4.80323808873465,1.4045249027552145,-0.8484873000117213,-2.2672886990804004,-1.2649768088310827,2.582721289886069,3.8312388936156077,-0.43735636742762307,-2.2206000470622613,5.388064350733634,2.8844147279672123,-0.30761947730524314,1
1.8500619171550423,0.24847567330348586,-1.4809519585185749,-1.4898047732923678,-1.8789356205462588,-4.172381790730886,-4.4612766158013475,5.738208819114387,3.9603662885328257,3.345822797906758,8.11846303580293,3.2429813080803584,6.0672102407459345,2.0971527116428152,-0.3091754898381205,2.6490942060368887,1.9289913584314653,5.8468467279572165,-0.17590266921415132,0.43943118859730257,1
-1.6331396608940758,1.2478997158241578,-6.0981743686632335,0.7653315226214001,3.1220774347943787,-4.000834163867323,1.3486208672489703,-4.590414215833961,5.5258979588786925,1.2954954105495697,-7.50800466333652,-3.8504614911744097,-10.92226194465333,4.794490384682974,6.303096600236429,-8.049477581636006,0.20524282633759117,7.769557235941211,-4.477969605731231,-1.9226995091308576,1
6.552343935394651,5.037492686617415,-9.063849978757807,-1.1952678187491002,3.7805131270804684,3.8478784171139453,3.6164271230825893,3.3531328043799355,4.585105426335691,3.3608057191885785,7.394677534094626,2.2009734651701156,-8.516198248652636,5.413541471311416,4.351908979969649,-1.2871109594893033,-3.640667864219801,-8.07065920101318,0.9887900317365865,-0.2883068523990009,1
2.07727128141159,3.537812746529121,2.2983836923035046,-2.9845193273137696,0.838866596604223,2.561550095486769,0.4978662620869761,6.551151461252834,4.2815160882876455,-3.3353742469994647,8.05813188218297,2.6140571986784376,0.26073788982026225,-4.441073335560724,-1.9216118665767463,0.303062884114333,0.7795475881734072,2.634385402431278,-0.44254985053018114,0.38270528647884106,1
-1.3911052798862371,-0.04893028098855904,-3.1950727290161867,0.06556259028102884,-0.7875248348604382,10.356164657982779,-0.36782879684517444,2.5789091247142046,5.33342968165365,-1.2457870352315163,7.326481431403618,-1.402942913381915,-2.3809834560206804,-2.343533752177284,3.9770133073226908,0.7465040965950022,6.704217605387832,-10.548025273283743,-6.237961071589185,0.5959770163197827,1
7.039152865483378,0.7665056565898153,-13.433481409850568,1.70409675230094,-0.6635634222045085,-4.863927559740695,-0.7086765824229959,3.120906196260308,5.6659222512144565,4.458499802145424,-3.3931540052253877,-3.5274557906213744,5.6117278330239415,-1.2070360450049105,4.577010031650346,-2.476378530757976,1.3142663264480026,-1.6172525956097628,-3.792689431861903,-2.3052942956900906,1
7.039152865483378,2.3908067301901634,-4.269428986659271,-3.4546880461228833,4.405832671873464,3.807928607279468,4.670878755862039,3.059953835234685,5.6659222512144565,2.73856695163361,-3.423103669792108,-7.095075055812062,-3.7130051228744687,2.9943410256010834,6.615184990896195,1.51793914434887,-1.483220874443716,-2.5863290284048346,3.4563247760027997,1.1607814147400126,1
1.1620025109037087,5.037492686617415,-14.7838116863435,-1.8696976545502606,3.7728135240405405,1.088275490948284,2.971092718611471,0.6648435870807645,3.170560708293998,2.261290087089128,-3.5465348426291556,-3.901512618499514,-5.313074954932346,2.2504183042357986,-1.4217693924812784,-4.761707854320564,6.180308719353276,1.052086671017776,-0.22840447917274742,0.33198318884684197,1
3.9131133817862507,5.037492686617415,-3.6994931488566882,-2.6520507374646867,4.412480781273409,1.4810110808183545,1.7010390571377974,-2.059633031450997,5.6659222512144565,1.6989861620384552,0.42486885031769983,-5.967953697556811,-6.896238602768543,-2.3563952581833245,7.463992892992734,-9.791577441736187,0.8638596859447543,1.9246911224540095,-3.0935359925024946,-0.8380099207995301,1
-2.9435912459268607,1.5191932923680536,1.8708664802379527,-1.8210598047503452,-2.9738967535724177,7.236806492024913,-3.517692483498202,-3.718983043510745,0.6231896377684382,-4.778398187374044,6.176405231335703,0.19498047045810063,-0.48640681573650735,4.052454921672243,-7.67396389852221,3.2245955819605774,1.5576696207772502,4.337034096217304,-0.15311720418945352,-0.7960839751615513,1
-0.18340553156907724,0.0933670652006279,-7.434364473163545,-3.4546880461228833,2.780387630086068,-6.215152288000528,1.7942468754140235,-1.9185295285837347,1.9158751136676995,-0.41415563929580457,9.728309269113476,2.5380272634096146,-7.38567200586378,0.8235483629546353,8.06834138068604,8.10150239895254,4.549507664649058,4.644629951014716,1.4927106097347946,2.8912340451351293,1
2.4238122486231974,-0.7823411537892874,-13.625876866479832,1.2701787325578893,-2.057999970593961,11.260900496664862,4.924487321163024,-0.3296658938787882,-3.0930713280503084,2.011283667069641,0.07523207316748004,-5.0588908331374265,-4.147838419267932,-0.6954947085561471,1.3851422814934575,-2.5042786165159936,3.104276472334063,0.976592057146525,-2.2176641279447136,-0.46297453340707373,1
-1.1499230979179003,2.3873046354314336,-0.9523490514400224,-3.4546880461228833,2.8850284997507054,-4.725651050762293,0.7638659970774466,1.39140268031283,5.4804729178262335,2.8222760446195463,-1.3696809609672689,1.2086009788931589,-13.315440116115695,-0.12129280425517211,2.456699499335893,0.8998168688772643,6.983242294041136,-1.13971968806891,-7.072331597784909,-0.09949462738988613,1
2.5342852842019665,1.9139680683301752,-14.68851036268343,-2.1441846660012924,5.25435564909403,6.403147117082263,4.488075536555801,3.426949977943841,5.6659222512144565,-1.6390105620870807,5.558538116368238,-2.1917095120242545,-2.696830344179144,-3.357865583056493,-3.093493520579547,-1.721565202044245,4.384808156669539,12.699147091458933,-5.385845055222606,0.020211390826722464,1
2.312841770546889,-3.206564798317748,-14.7838116863435,0.6081444522053987,1.8857152316517838,-0.6471735807863439,-0.4293403313945279,0.6887886283546951,3.9893654571540442,1.4849447474654607,6.74472765340837,5.734587438936519,-4.049888647642727,-1.9479750621630632,0.2876703243977206,6.995629406177933,2.4403847110774253,-5.900356676140776,-0.6558308087949218,0.4939177495042373,1
2.983703416397936,5.037492686617415,0.5008414513050572,-2.905936003053394,2.606806733108446,-4.688254689089156,3.4236074945534845,-2.1118668582953357,4.297485026411808,2.089582510878793,1.8854060244578341,-2.0924399645917813,-13.315440116115695,0.5573289699833532,5.547876183238726,2.3546065109227357,-0.8460156135853776,6.716417638094981,-3.1175223257797677,0.3562841347677689,1
4.939052981196127,5.037492686617415,-10.25700440016752,-1.8848259618977337,5.25435564909403,-5.568081443702554,2.381282472493325,6.873555716087669,3.063101650821084,4.514381607480222,-1.729467987504893,-1.0117561247650793,-8.680052104795617,0.6393461612886194,3.950761762815817,-1.536439180624269,-0.8950465076364722,3.714367203322925,-5.449096336356121,-0.4550292355548704,1
5.225292766505067,2.9674381689304083,-11.974532310304834,0.33152975917863736,3.554310330772709,2.111751338958652,1.4081912878850973,2.508585740799189,5.6659222512144565,5.153066692170194,8.979927210321154,3.6669788322558716,2.9274365002835356,-1.761370831894092,8.06834138068604,1.3003725442672451,-2.5885142202166485,-5.409635178359695,-1.1803003389574158,0.7225824984221435,1
5.3110418259225565,2.6449372252182854,0.5409827293615015,-3.385134822311583,0.7144451271050007,9.095874429795337,0.6023193045418147,-3.890834515398485,5.6659222512144565,-2.8775348833936043,7.107492032293437,-5.4781328646788685,-6.671146275982533,-2.513707958886763,-4.344159496374179,5.065158108989248,1.5951689249172307,2.814429896001535,0.540441439419012,-0.435099180531612,1
-0.5745602705481523,-0.22995917994449447,-3.65813129101571,-3.4546880461228833,-3.069879858926514,6.44497576241829,5.938438956299373,-2.6007398168962634,5.6659222512144565,-2.920449240995419,3.7569674977913694,0.3539658276201907,-1.8739269075507734,-0.779678775712803,2.6681754543732166,-2.5973084218972224,-5.895346893225975,9.244677197353335,-6.280631604077846,0.5030982398176288,1
1.128341451541441,-1.8015641130159818,-2.302299748530074,-0.7657219467122494,1.2339268367703193,1.8167018142773566,3.2454884689336123,-2.4859310364438603,3.0668533958168953,4.596919069409582,-2.200096931961891,3.395495265221121,-5.399819181000817,3.1293069694019144,6.066803043512826,-0.4504594898328794,3.8178250763073613,11.846884211433746,-7.238213285730945,-2.2425716966739175,1
5.2734828095511155,3.1924411141881137,4.661857792678541,-3.4546880461228833,-5.075950903584437,3.4845122017358383,2.4607786523255157,-1.284853908518611,5.461211168848704,1.2547722841615845,-1.2389001647275353,-0.605705985875264,-13.315440116115695,1.637801351870528,8.06834138068604,-1.4634711535578202,-4.227780660233398,4.287351446732647,-4.415813623091009,-0.6234928428786464,1
5.045849661081367,1.5511475959086025,-13.625382695235865,-3.4546880461228833,-0.20187386642355087,-1.9753823145715035,2.770400532120028,5.530852149730628,5.0897278939875905,3.4258667172536943,-2.5282940261420337,-3.855602021502765,6.0710000332069205,-5.107661926792996,1.368101671222183,-2.2476157599616404,4.851629769442912,-0.12974054176739674,-5.6417872594475735,0.7642126046301793,1
4.910182667348243,3.5113757854737995,-11.352774632229796,-2.6149000244997564,0.5382193486746301,-1.2887141995331861,-3.0412325491443206,4.121159308577727,3.533197336032032,5.205764771061395,-5.968462579698706,-3.057344210168977,-0.6109533231738364,-1.930581546958544,-0.2589461793823916,-7.948783513175126,3.6445810089185673,-1.2949306094880757,3.8031129253327753,0.6179200186240141,1
-3.7291285294857235,4.27220307750475,-4.038856966052913,-1.5688218356166097,-5.075950903584437,4.588829519845502,5.938438956299373,-3.1146883504809795,4.889704101922296,0.3059089386938436,1.796864477201205,-0.0602596155215851,-0.9130873127294594,3.4443760800307857,8.06834138068604,-4.950209584722396,4.91043225256441,2.0878452477350895,-1.4046959680109274,-0.45200490071193017,1
-3.815176144754757,3.133543862839583,6.457366537103482,1.1373374660718014,-2.5345481763850195,-11.143752803602416,1.9361339949987653,-8.002107739654514,1.3214920585355638,-0.29667419032751585,1.752117657694232,-2.6168392031884298,0.21895250377608355,-0.5941683070427323,7.665864854883898,5.408286401889664,3.4831426265376986,-0.34519405044444745,-1.4391919629711116,1.0609335710825802,1
2.278242954748735,4.516553924762259,-0.8455566941999262,-3.4546880461228833,1.494311706590413,1.2500705167231336,3.970186285243733,0.7245679266907359,1.8883670591228015,0.37088902416564773,-1.4476025267776538,-3.72777581639856,1.373273749205428,4.379523701600949,-3.648685263167768,-2.973238696370433,0.7634263402664487,8.680179299334776,-2.7884219296668644,-0.3339760402447345,1
5.580827295317659,2.8534562124970755,-4.192199351312505,-0.9823086603125877,0.34008751398599424,-4.549148152552759,0.275497576408045,3.156484200168739,2.0288286456472178,-0.3952545938676104,-0.683154467737047,4.091394914030769,-3.603763951514364,-0.730931059287665,-1.491754339506158,2.9699459509333668,3.6969050872505664,9.723205954654876,-2.3315090682164494,-0.12656329411875308,1
0.1275915958658046,4.518948047354419,-14.7838116863435,-3.451523616402276,1.6874611226743907,5.0072250116516095,-0.983562335595149,3.3384984703960208,5.662456903882422,3.808732109960589,7.58431099817768,3.4094941654444892,-9.825746993631615,0.27042456478926735,8.06834138068604,-1.034705811068081,-6.895707163471885,7.4136819859151295,-4.351204301575013,-0.38058567580530245,1
-2.7572207406167797,2.543038638888647,-0.11803512770047764,-3.2403531812738358,-4.013821953197493,-3.088337196548928,2.8500246580429542,-4.403950679698055,4.38237788339802,2.908983434221335,9.728309269113476,-0.10134031510576857,-9.707471442238774,-3.8072492930419815,8.06834138068604,2.6754058219903936,2.2173024573359457,-5.310772112474941,-6.489830600262089,-1.015031602288777,1
2.8708198884379423,2.3289991405615056,-13.224453507325515,-3.4546880461228833,4.843500101042899,-7.655596799219679,1.6897248642535854,3.694454258611003,5.6659222512144565,-1.877575379964271,9.728309269113476,-2.5528705348499994,-6.510991214010733,-3.7208151722883516,6.998675585281444,-0.16002695973044334,3.672535247317148,-2.0693281002067376,-3.106328498088819,0.2560804463468065,1
5.544397677775702,2.6669941394282937,-13.905685544209685,-0.43337418426666385,-0.761182104299515,1.8013427482828666,-2.01537316531779,0.1411379860687747,-1.6969533468648916,4.7042804860039915,-0.9316938818158685,-1.6821998961280724,-8.374419919073494,-2.6856181929471834,1.2804248017071644,-4.298302976343304,4.1255611272832535,-1.6666642782980525,1.4129331225879886,0.5256815923565227,1
3.308343777645302,5.037492686617415,6.26920703373921,2.9263994907787687,1.4302920564800787,1.587602266604222,-1.9072542307899403,-1.397104185011441,2.3402190015324154,4.807970179699858,2.9329397961160777,-0.5790121615968635,-7.609927845152425,-5.063728398325633,-4.329849267338752,-0.8324670197530786,0.7852737322859263,6.469782276587873,-2.420385389950567,-2.217528486106795,1
0.945349761173543,5.037492686617415,-2.798508211127369,-3.2295229740387237,-0.7635267447295093,2.7432281693296106,0.3901763850518811,-0.6831133197928101,4.452786000073685,-3.9874482682961934,4.55899771581913,3.3321574493821187,2.9419557259754225,-5.411588754045758,6.044901069394781,-1.063452149331559,4.785938802684658,-1.8274861978442272,-3.363349687132383,2.146387442529146,1
-4.540856291175931,4.403911724226383,-6.87385594512722,-3.4546880461228833,-0.37270761442812606,4.536587965764193,-4.185659643631915,3.7266934333783137,3.6540628021835913,-2.7971243004479014,-0.8088833354405943,-6.565119602414137,0.015713806685217824,3.918200102381181,-1.6038150893419791,-0.42547172543882916,-1.210598307443589,0.36274557869578317,-2.2925928632127306,1.421821972609211,1
3.9926584118649884,3.1201886970544015,-14.7838116863435,0.7022941833052033,-3.921934303026432,6.4277835384543565,-0.8244615831769591,2.4753486894346723,-0.28822426691923364,2.929045666276586,-0.9817277220954378,-2.820094886242358,-13.315440116115695,1.6374776612522257,-4.31284323146882,-4.029204386528356,-3.0663702598847773,2.950792919843876,-4.110605246305453,-0.2035086536092198,1
3.0204445392800956,2.4100321246926577,-14.7838116863435,3.3597907057797487,3.720672878276198,-5.538719706087749,1.2247468456162205,2.6004421862753606,0.12430619998069226,-0.9973009382899385,6.012376815616564,-2.5490796433664573,-4.275251533237912,-3.031739454281658,1.8472847165617259,2.431009172964674,4.583995211369382,-4.329796631871363,1.202933928707368,-0.32620354619534275,1
5.453424201807339,0.39984866246673123,-8.980694985445018,0.09299203097277808,-1.7918917499513505,-5.331726482615215,1.6346358156505647,0.031125067756200497,1.3235050585796393,3.4264485606213335,-6.385849642595339,-1.250966909042169,-7.258839392162685,0.3981235717509307,-8.298879568437178,-5.145323136099968,2.840376138602222,-0.39445563468412703,-3.117158642239829,1.8786044192291786,1
5.196234687082082,5.037492686617415,1.830743755514475,-3.4546880461228833,-0.48711552645212564,1.1456381016311128,4.050690330028451,1.6593470204775616,5.6659222512144565,2.1338248805107294,3.091708552917626,-1.3203037697098456,-7.517877200750863,1.61043463628253,8.06834138068604,5.841487863963826,1.445712983931433,5.215659867294041,-2.5637443027148734,0.1512056412481264,1
4.9549789902743875,5.037492686617415,-2.6449036354599285,-1.5931466069187714,3.1553697392530657,-5.326972470520655,2.2254722183254834,-3.2835996241579677,1.7747838048617082,0.6449854342272174,0.5913786995939581,-6.948161775502436,7.281767244981396,-4.453132050891948,1.0361102821992039,-5.63802380806095,-3.962170832341591,6.315663914800508,-0.9339954755252681,-1.3976783965648667,1
4.273837783599319,-2.1287651284489404,-12.604179613071885,-2.655922222200009,3.6395489635182288,-13.14054125270617,3.0162020025025367,0.18518812744307,4.431131829263818,4.402324438996818,-9.931664625867135,5.417012208692235,2.5858432043377926,-3.079530297619912,2.9482555065910736,-3.5609276697948755,5.004273323027248,-3.3923923993724436,6.143700914093083,1.384696377271697,1
-0.3385037060183903,0.724572673685476,0.2178746521410928,-3.4546880461228833,-3.0292590804381065,-7.199204558657227,5.744267633897103,2.5421984736331344,1.6284494545700923,1.9797650300186165,2.604668877082824,3.518475292764239,-1.1106606186276078,1.2026296431230494,-1.9788123118761147,0.8139238551468783,5.035984695196703,-7.0457127082524,1.750306847488388,0.05597963104920603,1
2.9335831598769198,2.13920985769095,-1.7923938646185626,-3.4546880461228833,-1.3312129920905895,8.542789933540789,-2.779110227451125,6.318329930974823,-0.5287560611522772,4.943390561723956,-0.014328678281604681,0.634454995770503,-1.8323858908531643,1.7672580673626805,5.7448347264705495,0.7487115084527232,-1.2636896686819545,-8.130869869399328,-3.4648106803213286,-1.2842065197402819,1
-2.41920163788633,-3.9236787815387815,-14.7838116863435,1.489330459461184,-5.075950903584437,4.9234204616164545,4.19701983468244,-1.8843236144822715,4.373939707962588,1.5232229952965377,0.0033744021971088833,-3.0454986613697503,1.0422042307201236,3.3919199415758756,-3.465165433644413,-6.941185785669713,5.666136261887824,7.244283450218983,-3.872939118873316,-1.1852423977014224,1
4.361666495946409,-2.5067891315649486,-14.7838116863435,-1.6567215558115371,1.7008972909192395,9.467142043710584,-0.6495898383903116,3.3117710519587797,4.211366425124537,4.2229353102769345,3.744858793557351,2.25475974564483,-6.981672174227208,-0.4560992918243252,3.534772086045892,-1.4366862849745146,4.212127376732419,-0.938162933554767,-2.4449315114606183,-0.2615014801447416,1
-3.3826032202704064,0.5514478862550964,-14.7838116863435,5.092113481177553,-0.2128338148578377,2.5261228363918917,-0.010880504635615032,-4.184116193530631,2.672311451001433,-0.9802524730530023,4.226338614337229,-2.224669531944582,-4.195155098579756,2.6793404024142062,0.560675860131493,1.997413200182808,6.202446244417221,1.823341968919,-1.8309869376117587,-0.6612379678879435,1
2.6234217403546345,-5.777078160082365,-3.3312762191526777,-3.4546880461228833,-4.452248761925456,7.016125143844256,-0.6530421851969979,3.4956524548296146,4.130058339511734,1.8221961184180708,7.473454935151508,-3.133669794478318,-8.180098044803518,-3.1582912636697285,1.3841830619286277,3.8520053827253027,5.248306061754439,3.8473990826234123,-6.490020593499566,0.539021041217953,1
3.4767971582785746,5.037492686617415,-8.47779043928626,-0.3779723869513065,1.9759641226287514,-0.3216825488086039,1.0767178287453227,-7.262573206453036,0.7193187437944594,2.138902454377888,5.677963834702994,-8.271593344473976,5.229158464502515,-4.444393998692856,8.06834138068604,0.08146064981410261,2.7432013857190722,-4.271640140164678,-2.306221072047402,-2.5681314706679457,1
3.704509278105585,4.363731284511996,6.796211715584494,-3.4546880461228833,-0.5432198672804053,6.52815957346381,5.938438956299373,-4.777447846340864,-1.387120120422641,4.513864721703362,-7.252550508052764,-2.7892982477730985,-13.315440116115695,2.337528874603108,-0.1334160839193157,0.4005036508437476,4.900791778883046,-1.0594780092691516,0.02809990336727375,-2.369127590652355,1
0.04073405508426431,-0.7009866566691532,-1.997531132984228,-1.8015571852834986,2.853877092640611,-5.192574539653208,1.6441985376637922,-5.100228014610906,5.063356262392343,1.2161935687789378,-4.222214736998864,0.47654923561938034,-1.2200532162790194,0.883892186183122,-0.04334891653449624,5.280477634667254,2.0050977643229833,3.837017578610795,-3.3523984798068467,1.8773995446691312,1
-2.702192218230044,1.963728426342636,-14.7838116863435,-3.4546880461228833,0.6520676277795536,-0.9208416699369141,0.6199703609439253,6.714681886162952,5.6659222512144565,4.106992920874319,3.756244149304064,1.7705176458919758,-11.435280206316627,-0.684025451360373,-3.6119236628741627,2.6991751096954975,1.6154212059507693,-4.487640063619677,-0.4118895966835332,-0.0642584356012515,1
1.1189510518589478,-4.555645079916511,-5.457302183554363,-3.446481438132578,4.694712388946899,8.182026124016195,2.8918325849785567,-1.4792141025201686,5.6659222512144565,0.5778793476378783,-0.07466116204632578,-2.828083391328585,2.8927015932513918,0.9011696012956416,1.1586919306204722,3.932825022619232,0.8366682822990241,0.627075715235279,0.6063271512072769,-1.3961742503015118,1
7.039152865483378,3.549165598941542,4.412232818425725,0.1750031291348897,-4.8566013698487,0.8308149286783515,-5.398666098362157,-2.933522296120262,1.96735962900346,-1.9178856093956869,2.542484959068045,-9.234211809703176,7.87927018558332,-3.320096712571349,3.8546411999163284,-2.360531244171363,-3.9162766910891196,1.7218455839138105,-7.238213285730945,-1.1621084407088125,1
3.6907818494628915,2.339135701777508,-2.4567848732413244,-0.09472849012801454,-0.8179315474787443,11.260900496664862,1.5492501377864751,-1.6687675027565123,3.1541018078602727,4.43641182360294,-0.018712955641260298,1.1662981327584836,10.580832582802614,-4.293528130798627,6.137870440441289,5.201829077880843,6.493893922295848,5.624545349033766,0.4697383790649685,2.400557952424498,1
5.944508440332855,-3.2571155868814365,-1.9007112946226679,1.396658550860147,4.848000729908681,-4.708615683728696,3.69482145325175,7.338548757866436,5.6659222512144565,2.5875395201181903,1.2479954188693194,3.855106288037307,-5.193438732963519,5.22590327144312,3.206211245438234,-2.5684659185287093,6.631389392522877,5.831794359397268,-3.502339179113143,-1.3589695807461948,1
-0.035830532726346176,3.4334796111122925,2.1915327507553917,-2.8906462952563174,2.375914892623767,-9.20359924962641,-3.537213195015679,-1.107630581535704,3.8268528453104014,0.9606922818124213,-2.2128120601458585,-3.224277777616057,-1.6066283910996175,-4.673389922287309,0.6291323360651109,-1.426564967658583,0.2569024649799754,5.518929393380963,-2.2947456413918372,-0.31360237167167,1
7.039152865483378,2.199971000952744,7.5707256606172075,-1.4681781448292233,0.4713980587332052,-2.318420758064129,-0.9648261267453824,-1.8628384581239699,4.780147618652485,4.360802187108591,0.1192093796643437,-3.04275304791177,4.254572552425199,-4.1631372504784165,2.292372797446315,2.483840110327942,1.1969131902016499,4.5155509922444494,-0.32180986173020987,1.4654121580611583,1
4.822046131570069,-2.2536495642878998,-6.917799699767061,-2.9750628575336218,0.085751188943063,-2.599180808432198,1.9386520918698553,-4.7977439504941675,4.147673072798886,-0.8595046895155052,-1.1955256782756851,-5.523993276765163,2.2334515481891555,1.7672452944267603,2.0211583239338693,1.682604253676118,-6.309034367649037,4.056375153065482,0.5408124887935952,-1.389442442025059,1
4.412683861244933,-2.706883134935797,-12.45490727344976,-2.382133673001948,-2.8510531815401645,1.0575547300348727,0.7343885333850846,7.620769292518608,-2.0563640415035613,-3.077742754187952,2.9778364220103755,1.3317374772879091,-0.2688467162352022,4.887125361915429,4.709825601347736,-4.228719381277662,-2.4461048977612467,8.267857674895748,-0.7951980292409797,-1.5178524295466032,1
-3.5335402822054935,2.225582266191494,-14.7838116863435,-3.4546880461228833,0.860890076412133,-13.32310808016325,-0.10570166768512879,6.121512197390438,2.340977475332307,-3.134067351359721,-9.931664625867135,-1.487352413042951,-1.5962396417149807,-0.9572867312184103,-2.1458585062642244,-1.6319949741910054,5.156084104710908,6.355448190619894,-1.805232991664547,-2.0738580506477153,1
7.039152865483378,0.052232328024336895,-1.5064461033553775,3.2494738096417963,2.681121363923209,-3.5252100605623076,5.938438956299373,-2.8565944540461814,3.246604680441453,4.734413246117205,1.838363003171279,-4.971815158179198,-13.099880541305456,2.023650896512797,6.494271452220047,-1.7602588943407993,3.2178105906434484,5.2316693052701275,6.35970008490201,-0.1351285794197009,1
-0.8561885299357561,2.1067587453047207,-9.17511428694863,-3.4546880461228833,0.7679743142601823,-0.39578600320694934,-0.9343703632581273,6.003484444932209,1.5632999566212127,3.364069951394056,0.8207327918368674,2.4885722307832157,-10.170136457765345,-1.335079365079422,-4.482280566231325,-3.5377003164570127,2.0854607764830706,2.9148829172284896,-3.812930015125379,2.647305881063931,1
6.570544723263502,2.3091626242758254,1.1242238140270917,-0.6457256409874883,-2.6814137966676865,-1.7015877064443508,0.36495921348077065,-1.346758143012221,-1.106199312671678,3.264310471983648,1.1575923874839054,-1.247702448838062,-3.341573013914961,-3.2982830820314253,1.1763329664813185,2.1077934480785627,4.631985079471601,0.5626808385301973,-1.7961775461343226,0.8535795494488585,1
6.208046277266984,-1.4790945271527065,-14.7838116863435,0.9838687819392002,3.643937451222925,6.009757710502004,-2.288043281851733,-3.0423084594510037,5.6659222512144565,-3.0263566662402956,9.728309269113476,0.4027751128383579,-6.357003060867545,0.9451522296691596,5.8423755461723,2.552698521195079,-3.348567467459455,-4.381269792862863,-2.960244627999055,-0.8805559983573698,1
7.039152865483378,-0.9589951035989871,-7.8599565240393545,1.106831402515024,3.5582282342123612,2.9908176797857866,0.7538913598609855,0.5828397661480103,4.611218026449649,1.8044506231327255,-2.0680227766587875,-6.914330269526081,0.34306584391436024,-1.0359069041304916,4.31976439665601,-0.15268479238417687,2.120567410152278,0.7100650977579104,3.1580637356591152,0.9927812920603608,1
5.286424143485293,-0.7208724495744511,-12.076650016645676,1.431543156460055,0.1276552649042994,-2.9009890581511932,2.729685761512914,-2.9763164618893923,2.4432718139131393,-3.64698000797308,0.9289993703752166,-3.194635776877305,2.690794226661863,0.8050744886894919,-4.087225727440518,-2.2022928113946048,4.970451018582566,7.023814586448413,-4.881358506760479,-3.0542352710831175,1
4.71140922228413,-1.478599466479784,-4.964495133168743,-1.682405624877187,2.6082818206888887,-0.7223949022150542,2.5953981681087774,6.012564189177065,2.1909854387481316,2.001509630335193,-0.23999507266155107,-3.094463954750621,-5.2346518890954234,-2.2041615605126057,6.019480796088252,-3.285960190094862,6.338262681425606,2.891840390100863,0.5022348162193783,-0.7789100557563395,1
3.7945552494882384,2.96094764052293,0.8586381420519267,0.7894186852219083,1.4561497743644338,-2.1477378994327916,-0.6383645273525249,4.817644551731295,1.0464785004382169,3.8058097590749016,-1.905662846334125,-0.8814283773191314,0.17420071803697956,-2.936280829803337,3.9743296493529305,2.122128749875698,2.8200752298217595,-1.4953927318263018,4.392969863345573,-0.7737448457447247,1
3.8495189484453003,2.932439968835689,-5.6181984556793605,5.181104092655079,3.781812965720914,7.539193967677076,5.938438956299373,0.12029286098232173,-0.4493535131268436,4.754304767276783,4.32886059799059,-2.7239148113284886,4.169355585544477,-4.4843768722090696,2.9536243238520985,-1.683322844059196,-3.1959443266903724,4.708415238100046,2.4447570629853246,0.6803909354869527,1
6.570191642243424,3.960430698928629,-7.158020199859328,-3.4546880461228833,1.1216232700785078,3.5657663823391257,0.1950539451773026,5.555693069183589,3.235015041380061,4.428375338808501,3.865203028889214,3.3688797145498,-3.358665632083061,0.7357011432346175,7.021048910549806,-3.6964631027131696,3.915816629179415,-2.873162264124177,0.0949921208889884,-0.08690181146974424,1
0.39017871186167064,1.4134161662530695,-6.568928266560396,-1.8281803736926496,0.2726380943715295,-2.038884917246363,2.618149800509979,-8.002107739654514,3.6400432764552964,-3.095427269684394,2.4825121368785874,-7.5166493867930875,-3.98652905180895,0.8896609430567002,-0.41071557495222766,7.752942514156507,-1.3833030847960401,2.7057550832318666,5.153099057503809,-1.7523461910103988,1
4.538049307430282,1.794315476512893,-12.47128082256954,-3.4546880461228833,-2.416797204534302,-5.128604567312994,3.499634710675463,4.3895201721900206,3.66404611632227,5.105902913087096,1.3083690324568522,6.820827224420549,4.639637993337537,-0.9676726363995728,-5.719690016069685,3.1320773688939836,2.1744298190162588,6.361694082604417,-4.331881051954265,-0.5226878424795923,1
1.4080637262748064,1.1830548529703226,-2.2873178426606895,-3.4546880461228833,2.173072416807394,3.7460617680736523,-2.424489847759231,7.884607631796539,3.3200818584420277,1.9824128719065022,-6.3961434896455245,1.7069900922244456,-6.333097418584943,3.4045131062281766,-2.1607177671770623,1.022860439594492,1.7589834477960262,0.3438105674996749,-3.875027051669684,-1.0551853345407114,1
1.8465749458523664,4.438665835699759,-5.173188987428627,-2.60049522702269,3.3386313241143397,-5.940188216900311,3.3818454143361674,-2.6691594960277305,-0.6482617016220691,4.182446444355267,3.5950637884690804,0.7389638760024537,-7.264336422524366,-3.1038358780907207,-4.882574018364215,1.4743170426554741,1.2943322737249146,0.7188274640048966,1.8975994407216892,1.110348837400584,1
0.742500899119533,3.9359359288877074,-13.35731131481218,0.6196796465300598,0.5572057300663367,0.3112435399427491,-2.092212823462852,-2.4218298041724617,2.5414764283670603,1.8550880423096778,-1.3757661400656418,5.721332609122115,0.5527680708393492,-0.2775710508736692,1.196672318595393,5.855510231803851,-1.2354125435170142,1.0567137061551062,-0.596331010767049,-1.2045584278018735,1
7.039152865483378,4.3754195675723695,-11.839108485398764,-1.5384191793024857,-2.7529118099017937,10.958370218774027,2.5667640446456317,-1.6787133207294587,0.49165591597689706,2.167977267930579,3.791759077330915,-3.89603510383371,-7.944892253360111,4.128502386144072,4.48458885026028,-0.29259109070680256,3.2827641459160466,-3.129351023490206,-0.37559635923990803,0.7291897443401595,1
0.11949969563102458,3.0631995762712907,-12.80515113774466,-2.108060471419586,0.010438836629070719,-7.394495190484503,1.7833775445880353,-3.2539263128006546,5.6659222512144565,4.782284976974539,4.262914598640967,0.7454569092794496,-2.455218964626213,-0.615283837095519,-2.8886927418583572,-0.45015239014717556,0.8102610576083498,-3.398704019847899,-2.8170302222951764,2.738406517124402,1
2.5068219114965427,3.3960711178274012,-12.190323365610338,-3.4546880461228833,-2.0937500733341885,1.372972186573546,0.40229492707859477,1.6564773814682745,0.4418870740433768,2.380652413463424,-0.23554574376998358,-7.498666511341909,-0.8186424000886208,2.1405826405624935,2.267919944082673,3.161559369926761,5.034963071734488,-5.908078022591353,0.14027826876269314,0.5214847105354334,1
5.129384000600873,0.3660746403537988,-14.7838116863435,-0.33297747904852626,4.672098011482496,-4.349616364891147,-0.5379418672929699,1.6546033149882067,-1.4407233633662964,3.5543740980387315,0.8476878735873034,-3.404613527963508,-2.6655707591434643,-1.8487742808985979,1.3794437005990625,-4.5212280406860135,1.9628097323119222,10.813022381602504,-1.2602725544460749,-0.5969988488043813,1
4.480923731515074,4.4110062463217705,-3.022746294790685,-2.902089247940216,2.386840483599317,-5.336520366758557,2.0724648156088885,-1.6468093279536349,4.0438046686263345,2.924824574470421,-0.42189851533661427,-3.3164443430397212,-3.660535746165827,-2.086005554241933,8.06834138068604,3.011172721083591,2.456743235771169,0.8206238744657595,-5.206728626115171,2.2557716843553806,1
5.474761534021724,3.664499051151773,-9.773820081284113,-0.703112943287661,2.0133112153856634,-7.026107382265094,-5.319971351723457,2.0433934871637898,-1.5781126281351097,2.5560867950111557,-3.3306461416899986,2.4861073415554977,7.299331907120022,-2.5905412821816047,-6.493971964442173,5.013530121759958,4.9731516530321045,-5.710347069206761,-3.3815937123101003,1.5323336278858735,1
-1.2319277457302535,-1.2222425273114825,-14.7838116863435,-3.4546880461228833,-0.35457562463174064,-3.240134235117266,0.6082490599974257,-2.0483433962095052,-0.08285847964119974,1.3578737924942814,-4.82934502023304,-1.796331893063153,-5.999685445690529,0.9020166446289145,8.06834138068604,-5.1879079421657845,5.882205840840003,7.054015311220635,-2.460196948229863,0.9288007974551961,1
5.567368645275264,5.037492686617415,-13.881326316613277,-1.3592386050049254,5.158817437352022,5.988572598379477,3.792685311197409,6.638724820941045,1.8974394741226437,5.205764771061395,2.390122075144482,0.7397473179885155,-6.560439282369514,-5.139679962025691,2.272634079153429,-1.8883717396850295,0.9283751619602487,-6.111338053581699,-1.6725315715186722,2.7155239184199833,1
6.072172207763451,1.4057134217326164,-3.144943413680874,-2.9023473119607077,2.668412864690227,6.419588425471063,-4.042515278741765,-0.838137182293459,5.113600557965967,3.5325107424505235,-0.9576793162167845,-2.1684231932920905,-7.404201542940514,-3.7715797218066456,1.4801571227687473,0.5449536343017168,2.2035546189917734,-0.49769996795966964,4.976529220633567,-0.7551966852679336,1
-3.070479432251471,3.460850314942012,0.9661866515087913,-3.4546880461228833,5.071912577638136,11.122478356793142,2.0021459718885244,0.9283008308093683,5.6659222512144565,1.9297567289829232,9.192873920780263,-7.440623967737565,-9.012421220700112,-4.4070114729248715,4.388592978040844,-3.340169103370114,-1.5528045511676187,4.950306251237047,-2.2379649859430626,0.3878209034931879,1
2.996498042876134,2.0965227567631035,-14.7838116863435,-2.0271359073628767,2.5945892487164146,-3.7570369951119362,-3.322293080729755,-2.381405809279218,3.9938203533378536,3.722813207318739,2.8596710349319947,-3.015413242814592,0.30458161009465456,-5.411588754045758,1.8843721892047691,5.9170776958396765,-0.09058161714238777,0.5929756898721263,-2.5990726596537974,-2.0158859910021225,1
1.504452921141982,3.3395758558484414,-0.9596145981082951,-3.4546880461228833,1.0929365849451222,11.260900496664862,2.127947119709861,5.120413783566034,5.198248662971737,-0.9294187385601136,7.463149317454257,0.06886764389761502,-3.2516101978276506,-1.9621369609159809,5.4418726765326815,-0.06075735165235119,-0.23006182805127234,3.5363551448917496,-0.2841101719432932,-0.954661022119263,1
-2.2830321742604687,4.231947466361768,2.986411260181616,-2.1578872222736907,-2.324884356652957,-12.5008547930715,-2.5252153562129633,-6.2845295355168975,0.6897363991487544,-3.867913321348759,4.92296207216506,-7.687203023102343,-10.106520874703092,0.2450540208336921,2.5273010473903255,2.0097066360187203,0.3651986522021824,-2.0638325242263997,-4.193225699886267,-1.4323387778581713,1
5.521178846302866,2.746120153325094,-7.038947096864988,-0.3386828035800906,-2.433001665187496,0.524065024944413,5.128492354479078,6.104270743735619,3.4608675514465688,-0.7935470617295552,4.493162317742051,-2.661840230394092,2.66770742772184,-0.1053430793960175,0.304010251680867,7.441304101495303,3.1159553713083326,-3.972643517325842,-0.8525105751015433,-2.688514579442286,1
7.039152865483378,-1.0105510127108523,-6.2363850080102905,-1.0577264099522639,-3.541596885901567,-3.0311731366681975,-4.467393867175891,8.494893396359943,1.1744939640554453,1.6034301152917818,1.2891046029359945,0.1414104009951962,2.36498126341563,1.4029933371409578,-2.826332214783056,-1.0265859213144632,-0.29241633489515545,-3.6124982396315555,2.4613238417377845,-1.7050765124477056,1
-0.5776723725897366,5.037492686617415,1.4319473782754555,-2.214055610519331,-0.9932489866568108,-4.040314108059728,-5.036619039166244,6.247206755027239,3.1008972522955442,-3.414834391076956,1.6360553664875193,-6.264859709373468,-2.438048559403878,-2.6061572653412894,5.380443532170372,1.1733415440083272,0.8950171160560643,2.302599440555547,-4.083459071948152,-0.950336521269262,1
2.1007590286357685,-3.260124469254932,-6.27731149866624,-0.6688916251841466,-1.542486145054742,-10.28776588914889,4.560169172636543,-3.5504786080703323,4.211870090280081,-1.9564495158986759,0.014864412437786467,-9.21575692409388,-8.901606235665238,-2.0387113621320907,-4.303179835040045,2.503854368475041,3.8082031045718012,0.2547154295058813,-1.6980294264445395,-1.437276639862353,1
3.8585389412919424,1.619352337542627,-6.457890323589055,-3.109195327616536,1.687579616796904,4.959420188012097,1.9246633629666443,0.18929547155793358,1.894913521065649,4.270449185156442,6.94390146655219,1.5658530925680414,-0.7468738207126029,-5.411588754045758,0.584992655124676,-1.5986754354058896,4.609461115414582,4.209368777315142,-5.917446531382333,-0.7141191649675139,1
5.438139889620524,2.910688766336746,-8.744594472049574,-3.4546880461228833,2.6351784468632746,4.396793689605522,1.3083323356116756,3.9047057221805592,5.39089888623729,0.6871229400202084,6.437001521083705,-5.428419758623578,4.033756984574041,-5.196108133399576,4.620041122338007,-0.6434107637666169,4.2049202068944584,-5.695167495562347,-5.934709333327167,1.2709959248406577,1
7.039152865483378,2.9649953160226175,-2.3970278806402163,-3.4546880461228833,0.33473997955283924,-10.509399581010754,-0.011227498695115579,-2.5839160039714226,2.630021081035321,3.9861177866060093,4.463058540562626,-1.4247596261148694,-6.175088711067303,-5.2931420037722425,1.9365833909486867,7.817326521015911,2.9895363995424735,-4.01890895942037,-4.021800828523239,1.8033953805162377,1
0.46373182373006483,4.530042825763432,0.8287408500676055,-2.883469207866287,1.0197602777179446,0.8585285212724125,1.1603134818335648,-1.088547336801261,5.2489960063186025,1.091687497559243,-0.12099285190468007,-4.253071296142487,-5.795555381969278,-1.650126082415769,-4.369765088582127,-2.3097383507925806,3.149784775351455,6.924857815330433,1.1834739002786303,-2.7149647915962842,1
1.9602729264363716,3.774905180495174,-13.029745115834373,-2.2311957486765173,1.465431498501914,-3.0660343174295237,1.7345083174148563,-2.613130762946934,-0.5385378493526312,-1.8313842230291881,1.9663210496416963,-0.13790125428435118,-1.263105739104163,-1.4336400584905347,0.19691699318729255,-2.5496048756835346,6.983242294041136,-6.214405046332668,4.562648364353682,1.503928536055483,1
6.940837225473048,3.1149476751257446,-14.657477525085547,-3.4546880461228833,2.086212504360501,0.13924623495487332,-0.830731671277712,-1.391546345501796,4.466939496905988,5.012792718278624,-3.396251662882231,1.2612805921430033,4.88629822868906,-1.4304544663630308,-1.5398159689632545,-11.024433617113068,-1.8830073668581395,-0.5065165391448514,-1.4003774670676952,-0.33417956966598394,1
1.0275395999552077,0.21445878561058246,-13.923922587999789,0.08087608342638863,2.8644826045936265,-5.156384516013409,2.874552425521685,1.5084014138177018,4.943464087262427,2.2028874154237523,4.392690727280479,-0.2044195055888509,0.23712434792933357,-2.206161703098214,8.06834138068604,3.136346526187195,2.8679703169576016,0.25517565401691017,1.4799842846786329,-1.4024776150012221,1
-3.0141022143765506,3.7719433387998347,-9.63066358943497,-3.4546880461228833,5.25435564909403,9.672452282675545,2.40231621604608,1.23678213200579,5.0220428837829,2.2441792027905785,9.585309586471327,0.7872105276869603,-8.575742453302578,-5.411588754045758,1.2869385028670048,-4.643376591973414,1.674036230021199,-8.218049443218915,-2.1081165848169627,0.12514566966137586,1
-1.7932217454511545,5.037492686617415,-6.398822607889736,2.808579219236027,1.1269393059293549,3.0749646087401907,1.2311799213541512,6.759275992633524,2.1530144983216823,3.4237120785329087,-1.1020605736814582,3.966795238700842,-5.095492111950357,-0.9118656166186013,-6.986364512996621,0.08694377601635717,2.989299215876654,0.37169576750698957,-4.116277967911503,0.6852841000452032,1
1.0112859966270247,1.675726975601281,2.760521935008409,-3.4546880461228833,-1.338118299740556,0.5467128609563612,2.5718213024724115,-3.870886007442187,3.8679217552012726,2.445815658150274,0.6522840110449036,3.896917693442644,-2.303988011265653,-1.528178349102185,-0.25255463691961966,-5.494061457038236,3.8340747203837684,8.150095536353016,-2.1510771398733,-0.43647815498000964,1
1.2678817505418232,3.893902863092969,-2.8594456167125775,-2.803531766011398,1.068480958578754,-6.555717137400184,3.1060428601334378,-4.970398663209402,5.273395825717568,-0.4517504484524717,5.504963503414612,-3.702691915764605,-0.3053806227437865,0.024372932625189137,2.090862323759822,-3.2635397370085317,-2.3324597739824036,1.4794788520525481,-1.3285712919724497,-0.2568038481443525,1
2.2817617053840817,0.02970266283047101,-11.969136181751752,-1.9406933640994566,3.1800784777542743,7.804466363454281,2.629494350090661,5.8118134658888305,4.744209205839406,-0.4473231133123253,8.03681919108454,-0.6555804113236361,-6.028424569862786,-4.2144208658978375,2.041084119274015,1.5317050539339887,-0.4249488242808502,4.03451787402684,1.767897148145593,-1.8267174574529732,1
3.248098754005127,4.491769642528086,-14.7838116863435,1.5290026005656787,-2.9473120669296002,4.84488911128819,0.7873964770465369,-0.7490443181839426,0.21738044224200115,3.4144880428953166,4.744861913056347,-5.782490707217928,-4.40992450842437,0.07086815540754643,0.2711227334029944,-1.1645832942200751,6.983242294041136,-6.3921692668713375,-3.5883033501122963,1.0281576953439173,1
3.789769924929581,4.413514874229583,-9.1201649491092,-2.836038111356842,0.9119757584666102,8.674172390202306,3.9561397328512165,0.015272074789677736,2.9721271114859205,2.5146522741932062,5.461251559039568,-0.8218411271043644,-8.165377597686533,-3.4919862281555973,3.1070224790451633,-2.942192436598924,6.569266087292801,-8.063982172091436,5.920779230508138,1.5270994026538909,1
1.5095332114825308,3.8021548233613975,0.8953591634517193,-2.180595792714435,-2.9572257807321036,11.260900496664862,1.671291429857342,4.017006449454105,-0.20643009144175217,-2.3442123092204463,0.9102533012309874,-1.375316324861015,0.4004701430191685,-3.1212890110678724,0.7445933607269721,-4.062872641900025,4.77321116268806,5.082064855592924,-1.0008085178132897,-0.5027226080354621,1
6.889611755418466,0.8036036853189555,-14.7838116863435,-3.1097417307824533,2.3690166221721682,4.530189862893057,4.807532123541836,-2.450666555477496,-2.908403564052237,3.3483524528605924,4.475679816090404,1.4138150627728439,-5.604767175378775,-3.2056625933532232,6.049391731219776,-2.898233725439371,4.446463879103151,4.854457877707068,-0.8288388620512774,0.21189653153807667,1
6.2579230177588006,-1.8912061508780806,-13.030038814983964,-3.048325946719909,-2.2349339790906217,1.0650646567524849,1.3782254895517885,3.681283301389319,1.2359354827358178,0.7802808361129916,9.728309269113476,-1.2791943024527734,0.555453475322707,-3.7329443483302542,3.0141076163891505,0.36240457052086095,6.1328690362834575,6.855987165462022,-2.7588947274380646,0.21611881535004138,1
0.21300018215775163,-0.09168759680403449,-14.7838116863435,-2.2354561309553604,3.504510347988044,-6.144875405952247,0.4720545577101588,-5.815857016051129,5.6659222512144565,4.0821670805782935,3.428682975077318,0.41310869845803033,-5.925272743928408,-5.411588754045758,-3.8551316297805442,2.2831975340449726,3.2719799215249723,1.214505395606075,0.5684008276338977,0.32983381913487364,1
3.542991960866993,3.0721585246131466,-14.488140855656162,-3.4546880461228833,-2.671149702338707,-7.1714271389463615,3.682640891115352,2.9958114582822306,2.93921993722162,3.3271883549278765,9.55406823582298,-1.8345580745217214,-3.3280314435378777,1.6268219410041689,1.123681567927133,-0.332580637854349,5.229889538971001,0.13214363347159408,2.9228333754938673,0.8720814121704316,1
7.039152865483378,2.3889627772924515,-6.063382455862099,-2.720373979843328,-4.20643234258714,-4.014301785217161,2.5296391318640223,7.5283059624364785,5.6659222512144565,2.726426441103739,0.10614573271221461,-4.476478591032657,-7.060559561513939,-2.0016336655698144,-2.55375654423642,0.10433498463515112,1.4134839181980854,-4.699452316599826,-1.586471551759702,-0.5508987059681006,1
0.15150308761459713,-3.0030960331423007,4.297471097314201,-3.2218126018754836,-1.381331578356195,0.35272199373913593,-0.4817318773229735,1.914156895682429,4.474200503030344,-4.452709544077925,8.289018824790768,-1.9498897837079374,6.071433636189312,-0.581082944504107,5.024146199878438,1.7802047985527203,6.983242294041136,-3.3252006911108816,4.043497319492041,-0.5574635262672455,1
5.812011927590611,2.018813855408304,-14.7838116863435,-3.4546880461228833,2.160845625153005,-3.2028942444718362,-2.199592038568189,3.6970462184058217,1.9896664345434432,4.119709478380917,0.7748439432620945,-4.338246564780702,-13.315440116115695,-3.824722773761161,2.9582376543461173,2.823103024047694,-1.5631582715260834,-5.0884928501156566,-2.7213058749575296,0.28573707364038925,1
0.8141179276367222,1.6689484357319122,-0.6680415604062393,-3.024082954128321,2.162863031020563,-5.120103222420909,2.832428176600281,-1.6876433884755637,1.9824107891608542,2.405803242258061,4.467256815096766,-3.3369999703414335,-4.741427512059683,-1.3990437101787931,0.17534842622095342,7.343365257376201,2.243432948655144,-5.860200275941955,4.632847895760818,1.0923741059248036,1
0.8682308079118503,5.037492686617415,1.2318031878938918,-3.416422925907282,2.9289744415189882,1.5125072187916742,2.195234568510119,3.169678412519173,5.6659222512144565,0.5052943875249878,4.7479641232051195,-3.6932019024850646,-7.857141406743965,-2.8160459348937312,2.542295831837185,-2.5955601489470728,2.421923720800938,-8.005892705532442,2.8090272990898066,2.0346190046999237,1
7.039152865483378,2.819095221372668,-2.8896097629367277,0.8116355896643045,3.3677473918513585,-0.3550484237834419,1.140647126040211,4.466046413615823,-1.7737633832430597,4.103025176175866,2.1247153411151825,5.734581157741102,5.108171811446841,-2.8099915992028093,8.06834138068604,0.15902927764074293,-2.4068492206214374,4.531234330069944,-0.1845900608861411,0.9855414645207506,1
3.039863164718255,4.282920687641212,-1.8946014047374553,-3.4546880461228833,1.1269302268973667,-3.055241489914568,4.048974563524853,-2.0810334681144114,5.6659222512144565,2.057654386909512,9.666636971138345,-6.177501065511404,0.8498731494346942,3.1247364949754433,2.149554900863808,4.611556206575069,-1.3748584042041807,3.255106731994051,-3.5733987812637973,0.5058043374429434,1
3.3161342062884533,4.306017983163859,-14.7838116863435,1.46172772670871,-1.8364490193205605,2.2200856667150717,2.0211585397155134,2.6541733596574852,0.5264022990695687,1.9547639899208922,4.540567539110736,-1.5327634459172197,-4.028245124388187,-2.9000498637824608,-0.15375118955001144,-0.3233569425627487,3.5192871748043646,-3.096779185541237,-5.487123629851334,-0.07723651473280596,1
6.485568001290895,4.143120623308911,-4.096143365818294,0.4434093478598051,0.32599884161396253,-0.8455883752481899,1.9464692344053534,3.9552170248628054,0.8835321404065068,2.6236301732564855,-1.4755282290792984,2.1442809057212,-7.922220449100102,1.9924668341160539,5.247278026591683,-5.1962793473100675,-0.15384282752158202,-8.356481060645121,-3.3405483673007925,-2.1639259005086164,1
0.11573115298806164,2.737249746807221,-2.1376763718952345,-1.528247361043675,2.3012588441849684,3.3020647297176606,1.419030271069084,1.135225023101753,4.123381986321445,2.627211237358248,3.698149063269046,-0.9863630104333989,2.197832236535313,0.4907991330150827,5.369056914068792,-1.0171400406705855,-6.164209821900385,-7.75878312657883,-1.6660030825209278,0.27899802219649483,1
7.039152865483378,-4.023089499512109,0.4870749188152437,-3.4546880461228833,-0.7521998016022631,-2.7176440673548123,3.586852072352455,8.868260415560615,2.9497850578828073,4.419706716088356,4.946909328152113,-6.381122452666795,-3.472522843912377,-1.2637419008844866,-3.056841873670624,1.1755508525642546,3.081480964009499,-2.3860042617591986,0.7478918279705176,2.591870206296627,1
1.4388485514433729,-0.44802283538468807,-12.361636880121571,1.164587245320025,0.4688202581167036,-2.3015674003934192,1.9843938477713896,-6.670574812168756,3.535393816951158,4.086139350791088,9.426636253642934,-0.18529202292349645,-8.829108101158807,-2.4295256212315404,5.408657534892184,4.1242791000788,1.0747816603182925,-6.053880792329686,-3.6122755385297682,-1.5541344859193282,1
4.781351383907033,5.037492686617415,-10.026977640966342,-3.4546880461228833,3.843208662370859,-3.7456855395467006,-0.06085284008825492,6.129203063565342,4.776371758840064,3.060273164805331,5.1601463610672775,-7.278751997663193,-1.7720162258480074,0.7409045333617731,1.1995499211229093,0.3177087225455817,4.3627836718547055,-5.71673554145623,1.3419700055684707,-1.2309707598463,1
2.2647865243532346,2.3253708080021567,-5.569716445073539,-1.9783114606706924,5.25435564909403,-8.074669525220903,1.6582995062018067,3.5211054559336175,2.981873793943722,1.2755747755326157,2.942549137614433,-5.369222569064602,4.451615570933893,-1.8224072606807162,4.369504070598342,-0.6937467891487312,6.425739740987754,0.0034048693629128435,-1.8240126025193875,-0.6534888711143866,1
-2.3242259535785226,5.037492686617415,-8.408532555512199,-3.4546880461228833,3.4168945042326144,2.0246803701870366,3.3309974077059965,6.797865946779282,2.056759960426327,0.5591951297771556,-7.037808367421277,-3.0207869641250094,-6.714244285769045,-3.267011925575908,-1.1114603467505857,-6.099029342551393,5.356941794437063,-4.016852163257955,-0.4688422338327136,-0.6794934919003538,1
2.295935049052117,5.037492686617415,-4.979547622712007,-3.4546880461228833,-4.328445103938597,-9.678999004455548,2.7012798211585904,-8.002107739654514,2.561631204448419,1.7397389583707574,0.8946348344312111,0.1366045577580821,8.336544503904658,-2.174743945557368,1.1818909124789463,4.829373830404647,4.761385610732485,7.633650266705187,-6.500567045037571,-0.3492601412948535,1
0.7641955753032864,2.877973429272904,-11.808673265626684,0.6736230918475787,-1.5432670470671648,7.116824168202822,-0.5337309874892195,-0.8509632369809831,-1.4746253760698123,3.979015146573385,3.891562315607223,-5.994896227134992,-5.8899102743599885,0.3546900807453786,0.5945275585942132,1.3063460092510606,4.264961556479537,-1.6123967769411696,-6.638510051830499,-2.49793132054687,1
